date,weekday,text_messages,media_rows,deleted_rows,system_rows,total_rows,is_active
2026-03-10,Tuesday,8,1,0,3,12,True
2026-03-11,Wednesday,11,1,1,0,13,True
2026-03-12,Thursday,12,1,0,0,13,True
2026-03-13,Friday,14,0,0,0,14,True
2026-03-14,Saturday,12,1,0,2,15,True
2026-03-15,Sunday,12,2,0,0,14,True
2026-03-16,Monday,12,1,0,0,13,True
2026-03-17,Tuesday,11,1,1,0,13,True
2026-03-18,Wednesday,12,0,1,2,15,True
2026-03-19,Thursday,14,0,0,0,14,True
2026-03-20,Friday,13,0,0,0,13,True
2026-03-21,Saturday,9,3,1,0,13,True
2026-03-22,Sunday,3,1,1,0,5,True
