template_id,occurrences,repeat_messages,distinct_raw_texts,exact_raw_identical,contains_url,forwarded_messages,first_date,last_date,active_dates
T1,3,2,1,True,False,0,2026-03-10,2026-03-19,3
T2,2,1,1,True,False,0,2026-03-10,2026-03-14,2
T3,6,5,1,True,False,0,2026-03-10,2026-03-19,4
T4,9,8,5,False,True,0,2026-03-10,2026-03-19,6
T5,6,5,1,True,False,0,2026-03-10,2026-03-20,5
T6,5,4,1,True,False,0,2026-03-10,2026-03-19,4
T7,2,1,1,True,False,0,2026-03-10,2026-03-21,2
T8,2,1,1,True,False,0,2026-03-10,2026-03-13,2
T9,2,1,1,True,False,0,2026-03-11,2026-03-15,2
T10,2,1,1,True,False,0,2026-03-11,2026-03-17,2
T11,5,4,1,True,False,0,2026-03-11,2026-03-22,4
T12,2,1,1,True,False,0,2026-03-11,2026-03-17,2
T13,10,9,1,True,False,0,2026-03-11,2026-03-20,6
T14,7,6,1,True,False,0,2026-03-11,2026-03-21,5
T15,4,3,1,True,False,0,2026-03-11,2026-03-20,4
T16,3,2,1,True,False,0,2026-03-11,2026-03-21,3
T17,2,1,1,True,False,0,2026-03-11,2026-03-14,2
T18,3,2,1,True,False,3,2026-03-12,2026-03-21,3
T19,5,4,1,True,False,0,2026-03-12,2026-03-20,4
T20,4,3,1,True,False,0,2026-03-12,2026-03-20,3
T21,3,2,1,True,False,0,2026-03-13,2026-03-19,3
T22,5,4,1,True,False,0,2026-03-13,2026-03-22,4
T23,4,3,1,True,False,0,2026-03-13,2026-03-21,3
T24,4,3,1,True,False,0,2026-03-13,2026-03-20,4
T25,3,2,1,True,False,0,2026-03-14,2026-03-18,3
T26,2,1,1,True,False,0,2026-03-14,2026-03-21,2
T27,3,2,1,True,False,0,2026-03-15,2026-03-20,3
T28,6,5,1,True,False,0,2026-03-15,2026-03-20,4
T29,2,1,1,True,False,0,2026-03-15,2026-03-18,2
T30,4,3,1,True,False,0,2026-03-15,2026-03-22,3
T31,2,1,1,True,False,0,2026-03-16,2026-03-20,2
T32,3,2,1,True,False,0,2026-03-17,2026-03-21,3
T33,2,1,1,True,False,2,2026-03-17,2026-03-19,2
T34,3,2,1,True,False,0,2026-03-18,2026-03-20,2
T35,4,3,1,True,False,0,2026-03-18,2026-03-21,3
