rank,term,script,unique_texts_containing,messages_containing,occurrences_all,occurrences_unique,repetition_ratio,tfidf_total_unique
1,please,latin,4,10,10,4,2.5,1.6231302134130887
2,practice,latin,3,7,7,3,2.33,1.342840822263215
3,call,latin,2,11,11,2,5.5,1.1557309662778774
4,great,latin,2,8,8,2,4.0,0.8895703854923482
5,hai,latin,2,5,5,2,2.5,1.037921434952308
6,ok,latin,2,12,12,2,6.0,0.905329053733523
7,reminder,latin,2,8,8,2,4.0,0.9233218716252032
8,schedule,latin,2,4,4,2,2.0,0.8536791678654198
9,see,latin,2,8,8,2,4.0,1.0938609495021994
10,today,latin,2,9,9,2,4.5,0.9654116072418564
11,tumhi,latin,2,4,4,2,2.0,0.956652002184832
12,well,latin,2,6,6,2,3.0,0.9654116072418564
13,will,latin,2,14,14,2,7.0,0.9478401449234026
14,आज,devanagari,2,6,6,2,3.0,1.0180197277526912
15,आहे,devanagari,2,6,6,2,3.0,1.0938609495021994
16,aa,latin,1,2,2,1,2.0,0.408248290463863
17,ahat,latin,1,2,2,1,2.0,0.4649827292511326
18,anyone,latin,1,5,5,1,5.0,0.5962765426444667
19,birthday,latin,1,4,4,1,4.0,0.5121422915377565
20,blank,latin,1,1,1,1,1.0,0.2182178902359923
21,booking,latin,1,1,1,1,1.0,0.5773502691896257
22,bring,latin,1,2,2,1,2.0,0.5773502691896257
23,bringing,latin,1,5,5,1,5.0,0.7071067811865476
24,can,latin,1,4,4,1,4.0,0.5
25,cancelled,latin,1,1,1,1,1.0,0.6095539483710285
26,cards,latin,1,2,2,1,2.0,0.5121422915377565
27,carry,latin,1,2,2,1,2.0,0.5121422915377565
28,confirm,latin,1,2,2,1,2.0,0.5267452693499644
29,confirmed,latin,1,1,1,1,1.0,0.5773502691896257
30,day,latin,1,4,4,1,4.0,0.5121422915377565
31,details,latin,1,9,9,1,9.0,1.0
32,document,latin,1,6,6,1,6.0,0.5773502691896257
33,done,latin,1,2,2,1,2.0,0.5962765426444667
34,due,latin,1,6,6,1,6.0,0.5121422915377566
35,equipment,latin,1,5,5,1,5.0,0.7071067811865476
36,everyone,latin,1,6,6,1,6.0,0.5773502691896257
37,fees,latin,1,6,6,1,6.0,0.5121422915377566
38,first,latin,1,1,1,1,1.0,0.2182178902359923
39,five,latin,1,6,6,1,6.0,0.5962765426444667
40,friday,latin,1,6,6,1,6.0,0.5121422915377566
41,game,latin,1,4,4,1,4.0,0.4747001730694489
42,good,latin,1,1,1,1,1.0,0.5773502691896257
43,ground,latin,1,6,6,1,6.0,0.5962765426444667
44,hall,latin,1,1,1,1,1.0,0.5773502691896257
45,happy,latin,1,4,4,1,4.0,0.5121422915377565
46,ho,latin,1,2,2,1,2.0,0.408248290463863
47,id,latin,1,2,2,1,2.0,0.5121422915377565
48,join,latin,1,10,10,1,10.0,0.5393415707000417
49,ka,latin,1,2,2,1,2.0,0.4649827292511326
50,kadhi,latin,1,2,2,1,2.0,0.5962765426444667
51,kal,latin,1,3,3,1,3.0,0.53422019577452
52,kya,latin,1,3,3,1,3.0,0.53422019577452
53,last,latin,1,1,1,1,1.0,0.2182178902359923
54,late,latin,1,4,4,1,4.0,0.5121422915377565
55,later,latin,1,1,1,1,1.0,0.742765403390923
56,line,latin,1,1,4,4,1.0,0.8728715609439694
57,location,latin,1,4,4,1,4.0,0.5
58,log,latin,1,2,2,1,2.0,0.408248290463863
59,lot,latin,1,1,1,1,1.0,0.5773502691896257
60,lunch,latin,1,5,5,1,5.0,0.5962765426444667
61,mala,latin,1,2,2,1,2.0,0.6196834114558119
62,match,latin,1,4,4,1,4.0,0.7071067811865476
63,meeting,latin,1,5,5,1,5.0,0.4660439670446517
64,monday,latin,1,3,3,1,3.0,0.4711971315901721
65,morning,latin,1,1,1,1,1.0,0.5773502691896257
66,na,latin,1,2,2,1,2.0,0.408248290463863
67,next,latin,1,1,1,1,1.0,0.4758295092909451
68,note,latin,1,1,1,1,1.0,0.2182178902359923
69,number,latin,1,2,2,1,2.0,0.5267452693499644
70,played,latin,1,4,4,1,4.0,0.4747001730694489
71,players,latin,1,2,2,1,2.0,0.5267452693499644
72,rahe,latin,1,2,2,1,2.0,0.408248290463863
73,reached,latin,1,2,2,1,2.0,0.7071067811865476
74,ready,latin,1,2,2,1,2.0,0.4649827292511326
75,running,latin,1,4,4,1,4.0,0.5121422915377565
76,sab,latin,1,2,2,1,2.0,0.408248290463863
77,sangaa,latin,1,2,2,1,2.0,0.6196834114558119
78,saturday,latin,1,4,4,1,4.0,0.7071067811865476
79,second,latin,1,1,1,1,1.0,0.2182178902359923
80,send,latin,1,4,4,1,4.0,0.5
81,sent,latin,1,6,6,1,6.0,0.5773502691896257
82,share,latin,1,1,1,1,1.0,0.4758295092909451
83,snacks,latin,1,2,2,1,2.0,0.5773502691896257
84,someone,latin,1,4,4,1,4.0,0.5
85,soon,latin,1,4,4,1,4.0,0.5121422915377565
86,starts,latin,1,5,5,1,5.0,0.4660439670446517
87,team,latin,1,1,1,1,1.0,0.5773502691896257
88,ten,latin,1,5,5,1,5.0,0.4660439670446517
89,thanks,latin,1,1,1,1,1.0,0.5773502691896257
90,thursday,latin,1,3,3,1,3.0,0.4711971315901721
91,time,latin,1,5,5,1,5.0,0.4660439670446517
92,tomorrow,latin,1,1,1,1,1.0,0.6095539483710285
93,update,latin,1,1,1,1,1.0,0.5773502691896257
94,venue,latin,1,2,2,1,2.0,0.7071067811865476
95,water,latin,1,2,2,1,2.0,0.5773502691896257
96,week,latin,1,1,1,1,1.0,0.4758295092909451
97,weekly,latin,1,3,3,1,3.0,0.4711971315901721
98,yenar,latin,1,2,2,1,2.0,0.5962765426444667
99,आना,devanagari,1,3,3,1,3.0,0.447213595499958
100,उद्या,devanagari,1,4,4,1,4.0,0.7071067811865476
101,कल,devanagari,1,7,7,1,7.0,0.5773502691896257
102,ठीक,devanagari,1,2,2,1,2.0,0.6171950982160569
103,दोस्तों,devanagari,1,2,2,1,2.0,0.7071067811865476
104,नहीं,devanagari,1,3,3,1,3.0,0.5121422915377565
105,पर,devanagari,1,3,3,1,3.0,0.447213595499958
106,प्रैक्टिस,devanagari,1,3,3,1,3.0,0.5121422915377565
107,भेटू,devanagari,1,4,4,1,4.0,0.7071067811865476
108,मैच,devanagari,1,7,7,1,7.0,0.5773502691896257
109,या,devanagari,1,3,3,1,3.0,0.7071067811865476
110,लोग,devanagari,1,3,3,1,3.0,0.447213595499958
111,वेळेत,devanagari,1,3,3,1,3.0,0.7071067811865476
112,शनिवारी,devanagari,1,3,3,1,3.0,0.5962765426444666
113,शुक्रिया,devanagari,1,2,2,1,2.0,0.7071067811865476
114,सब,devanagari,1,3,3,1,3.0,0.447213595499958
115,समय,devanagari,1,3,3,1,3.0,0.447213595499958
116,सराव,devanagari,1,3,3,1,3.0,0.6171950982160569
117,सामना,devanagari,1,3,3,1,3.0,0.5962765426444666
118,है,devanagari,1,7,7,1,7.0,0.5773502691896257
119,होगी,devanagari,1,3,3,1,3.0,0.5121422915377565
120,❤️,other,1,5,5,1,5.0,1.0
121,🎉,other,1,2,2,1,2.0,0.5962765426444667
122,👍,other,1,1,1,1,1.0,1.0
123,😀😀,other,1,3,3,1,3.0,1.0
124,🙏,other,1,1,1,1,1.0,1.0
