ngram,count_all,count_unique,msgs_all,repetition_ratio
join the,10,1,10,10.0
ok will,10,1,10,10.0
the call,10,1,10,10.0
will join,10,1,10,10.0
details here,9,1,9,9.0
here <URL>,9,1,9,9.0
see you,8,2,8,4.0
कल मैच,7,1,7,7.0
मैच है,7,1,7,7.0
are due,6,1,6,6.0
at five,6,1,6,6.0
at the,6,1,6,6.0
document to,6,1,6,6.0
due this,6,1,6,6.0
fees are,6,1,6,6.0
ground at,6,1,6,6.0
reminder fees,6,1,6,6.0
sent the,6,1,6,6.0
the document,6,1,6,6.0
the ground,6,1,6,6.0
this friday,6,1,6,6.0
to everyone,6,1,6,6.0
you at,6,1,6,6.0
at ten,5,1,5,5.0
be on,5,1,5,5.0
bringing the,5,1,5,5.0
is bringing,5,1,5,5.0
lunch today,5,1,5,5.0
meeting starts,5,1,5,5.0
on time,5,1,5,5.0
please be,5,1,5,5.0
starts at,5,1,5,5.0
ten please,5,1,5,5.0
the equipment,5,1,5,5.0
the meeting,5,1,5,5.0
today anyone,5,1,5,5.0
who is,5,1,5,5.0
a great,4,1,4,4.0
be there,4,1,4,4.0
birthday have,4,1,4,4.0
can someone,4,1,4,4.0
game today,4,1,4,4.0
great day,4,1,4,4.0
great game,4,1,4,4.0
happy birthday,4,1,4,4.0
have a,4,1,4,4.0
is on,4,1,4,4.0
late will,4,1,4,4.0
match is,4,1,4,4.0
on saturday,4,1,4,4.0
running late,4,1,4,4.0
send the,4,1,4,4.0
someone send,4,1,4,4.0
the location,4,1,4,4.0
the match,4,1,4,4.0
there soon,4,1,4,4.0
today well,4,1,4,4.0
well played,4,1,4,4.0
will be,4,1,4,4.0
उद्या भेटू,4,1,4,4.0
and thursday,3,1,3,3.0
hai kya,3,1,3,3.0
kal practice,3,1,3,3.0
monday and,3,1,3,3.0
on monday,3,1,3,3.0
practice hai,3,1,3,3.0
practice on,3,1,3,3.0
schedule practice,3,1,3,3.0
weekly schedule,3,1,3,3.0
आज प्रैक्टिस,3,1,3,3.0
आज सराव,3,1,3,3.0
नहीं होगी,3,1,3,3.0
पर आना,3,1,3,3.0
प्रैक्टिस नहीं,3,1,3,3.0
लोग समय,3,1,3,3.0
वेळेत या,3,1,3,3.0
शनिवारी आहे,3,1,3,3.0
सब लोग,3,1,3,3.0
समय पर,3,1,3,3.0
सराव आहे,3,1,3,3.0
सामना शनिवारी,3,1,3,3.0
aa rahe,2,1,2,2.0
ahat ka,2,1,2,2.0
and snacks,2,1,2,2.0
bring water,2,1,2,2.0
carry id,2,1,2,2.0
confirm the,2,1,2,2.0
done 🎉,2,1,2,2.0
for the,2,2,2,1.0
hai see,2,1,2,2.0
ho na,2,1,2,2.0
id cards,2,1,2,2.0
ka ok,2,1,2,2.0
kadhi yenar,2,1,2,2.0
log aa,2,1,2,2.0
mala sangaa,2,1,2,2.0
number of,2,1,2,2.0
of players,2,1,2,2.0
please confirm,2,1,2,2.0
rahe ho,2,1,2,2.0
reached the,2,1,2,2.0
ready ahat,2,1,2,2.0
reminder to,2,1,2,2.0
sab log,2,1,2,2.0
sangaa please,2,1,2,2.0
the number,2,1,2,2.0
the venue,2,1,2,2.0
to carry,2,1,2,2.0
tumhi kadhi,2,1,2,2.0
tumhi ready,2,1,2,2.0
water and,2,1,2,2.0
well done,2,1,2,2.0
you there,2,1,2,2.0
ठीक hai,2,1,2,2.0
शुक्रिया दोस्तों,2,1,2,2.0
<PHONE> later,1,1,1,1.0
a blank,1,1,1,1.0
a lot,1,1,1,1.0
a note,1,1,1,1.0
after a,1,1,1,1.0
blank line,1,1,1,1.0
booking confirmed,1,1,1,1.0
call me,1,1,1,1.0
cancelled tomorrow,1,1,1,1.0
confirmed for,1,1,1,1.0
first line,1,1,1,1.0
for next,1,1,1,1.0
good morning,1,1,1,1.0
is cancelled,1,1,1,1.0
last line,1,1,1,1.0
line after,1,1,1,1.0
line last,1,1,1,1.0
line of,1,1,1,1.0
lot for,1,1,1,1.0
me on,1,1,1,1.0
morning team,1,1,1,1.0
next week,1,1,1,1.0
note second,1,1,1,1.0
of a,1,1,1,1.0
on <PHONE>,1,1,1,1.0
please share,1,1,1,1.0
practice is,1,1,1,1.0
schedule for,1,1,1,1.0
second line,1,1,1,1.0
share the,1,1,1,1.0
thanks a,1,1,1,1.0
the hall,1,1,1,1.0
the schedule,1,1,1,1.0
the update,1,1,1,1.0
