line_start,line_end,date_str,time_str,sender,message_type,message,datetime,year,month,day,day_name,hour,minute,period,media_type,is_media,is_deleted,is_forwarded,clean_message,tokens,tokens_no_stopwords
1,1,,,,header,‎Messages and calls are end-to-end encrypted. Only people in this chat can read them.,,,,,,,,,,False,False,False,messages and calls are end-to-end encrypted. only people in this chat can read them.,messages and calls are end-to-end encrypted only people in this chat can read them,messages calls end-to-end encrypted people chat can read
2,2,3/10/26,8:30:00 AM,,system,Alex Demo created this group,2026-03-10 08:30:00,2026.0,3.0,10.0,Tuesday,8.0,30.0,08-09,,False,False,False,alex demo created this group,alex demo created this group,alex demo created group
3,3,3/10/26,8:30:00 AM,,system,Alex Demo added Isha Demoji,2026-03-10 08:30:00,2026.0,3.0,10.0,Tuesday,8.0,30.0,08-09,,False,False,False,alex demo added isha demoji,alex demo added isha demoji,alex demo added isha demoji
4,4,3/10/26,8:30:00 AM,,system,Isha Demoji's security code changed. Tap to learn more.,2026-03-10 08:30:00,2026.0,3.0,10.0,Tuesday,8.0,30.0,08-09,,False,False,False,isha demoji's security code changed. tap to learn more.,isha demoji's security code changed tap to learn more,isha demoji's security code changed tap learn
5,5,3/10/26,9:02:23 AM,Meera Imaginary,user,वेळेत या,2026-03-10 09:02:23,2026.0,3.0,10.0,Tuesday,9.0,2.0,09-10,,False,False,False,वेळेत या,वेळेत या,वेळेत या
6,6,3/10/26,10:27:44 AM,Anya Mockson,user,<image omitted>,2026-03-10 10:27:44,2026.0,3.0,10.0,Tuesday,10.0,27.0,10-11,image,True,False,False,<image omitted>,image omitted,image omitted
7,7,3/10/26,12:31:34 PM,Zoya Samplewala,user,tumhi ready ahat ka? ok,2026-03-10 12:31:34,2026.0,3.0,10.0,Tuesday,12.0,31.0,12-13,,False,False,False,tumhi ready ahat ka? ok,tumhi ready ahat ka ok,tumhi ready ahat ka ok
8,8,3/10/26,2:41:08 PM,Tara Fakenham,user,see you at the ground at five,2026-03-10 14:41:08,2026.0,3.0,10.0,Tuesday,14.0,41.0,14-15,,False,False,False,see you at the ground at five,see you at the ground at five,see ground five
9,9,3/10/26,4:27:08 PM,Tara Fakenham,user,details here https://example.com/demo?id=4,2026-03-10 16:27:08,2026.0,3.0,10.0,Tuesday,16.0,27.0,16-17,,False,False,False,details here https://example.com/demo?id=4,details here https://example.com/demo?id=4,details https://example.com/demo?id=4
10,10,3/10/26,5:55:05 PM,Riya Testwala,user,sent the document to everyone,2026-03-10 17:55:05,2026.0,3.0,10.0,Tuesday,17.0,55.0,17-18,,False,False,False,sent the document to everyone,sent the document to everyone,sent document everyone
11,11,3/10/26,7:22:00 PM,Tara Fakenham,user,who is bringing the equipment,2026-03-10 19:22:00,2026.0,3.0,10.0,Tuesday,19.0,22.0,19-20,,False,False,False,who is bringing the equipment,who is bringing the equipment,bringing equipment
12,12,3/10/26,9:41:03 PM,Omkar Testkar,user,mala sangaa please,2026-03-10 21:41:03,2026.0,3.0,10.0,Tuesday,21.0,41.0,21-22,,False,False,False,mala sangaa please,mala sangaa please,mala sangaa please
13,13,3/10/26,10:59:57 PM,Alex Demo,user,well done 🎉,2026-03-10 22:59:57,2026.0,3.0,10.0,Tuesday,22.0,59.0,22-23,,False,False,False,well done 🎉,well done 🎉,well done 🎉
14,14,3/11/26,12:57:14 AM,Sam Sample,user,sab log aa rahe ho na,2026-03-11 00:57:14,2026.0,3.0,11.0,Wednesday,0.0,57.0,00-01,,False,False,False,sab log aa rahe ho na,sab log aa rahe ho na,sab log aa rahe ho na
15,15,3/11/26,3:00:17 AM,Sam Sample,user,bring water and snacks,2026-03-11 03:00:17,2026.0,3.0,11.0,Wednesday,3.0,0.0,03-04,,False,False,False,bring water and snacks,bring water and snacks,bring water snacks
16,16,3/11/26,4:54:49 AM,Dev Placeholder,user,see you at the ground at five,2026-03-11 04:54:49,2026.0,3.0,11.0,Wednesday,4.0,54.0,04-05,,False,False,False,see you at the ground at five,see you at the ground at five,see ground five
17,17,3/11/26,6:53:34 AM,Alex Demo,user,❤️,2026-03-11 06:53:34,2026.0,3.0,11.0,Wednesday,6.0,53.0,06-07,,False,False,False,❤️,❤️,❤️
18,18,3/11/26,7:59:42 AM,Anya Mockson,user,ठीक hai see you there,2026-03-11 07:59:42,2026.0,3.0,11.0,Wednesday,7.0,59.0,07-08,,False,False,False,ठीक hai see you there,ठीक hai see you there,ठीक hai see
19,19,3/11/26,10:14:32 AM,Tara Fakenham,user,ok will join the call,2026-03-11 10:14:32,2026.0,3.0,11.0,Wednesday,10.0,14.0,10-11,,False,False,False,ok will join the call,ok will join the call,ok will join call
20,20,3/11/26,12:13:44 PM,Isha Demoji,user,This message was deleted,2026-03-11 12:13:44,2026.0,3.0,11.0,Wednesday,12.0,13.0,12-13,,False,True,False,this message was deleted,this message was deleted,message deleted
21,21,3/11/26,1:31:05 PM,Omkar Testkar,user,कल मैच है,2026-03-11 13:31:05,2026.0,3.0,11.0,Wednesday,13.0,31.0,13-14,,False,False,False,कल मैच है,कल मैच है,कल मैच है
22,22,3/11/26,3:53:06 PM,Anya Mockson,user,can someone send the location,2026-03-11 15:53:06,2026.0,3.0,11.0,Wednesday,15.0,53.0,15-16,,False,False,False,can someone send the location,can someone send the location,can someone send location
23,23,3/11/26,5:11:13 PM,Kabir Fictional,user,सब लोग समय पर आना।,2026-03-11 17:11:13,2026.0,3.0,11.0,Wednesday,17.0,11.0,17-18,,False,False,False,सब लोग समय पर आना।,सब लोग समय पर आना,सब लोग समय पर आना
24,24,3/11/26,7:16:54 PM,Tara Fakenham,user,❤️,2026-03-11 19:16:54,2026.0,3.0,11.0,Wednesday,19.0,16.0,19-20,,False,False,False,❤️,❤️,❤️
25,25,3/11/26,8:42:14 PM,Alex Demo,user,tumhi kadhi yenar,2026-03-11 20:42:14,2026.0,3.0,11.0,Wednesday,20.0,42.0,20-21,,False,False,False,tumhi kadhi yenar,tumhi kadhi yenar,tumhi kadhi yenar
26,26,3/11/26,10:20:13 PM,Vikram Dummy,user,<image omitted>,2026-03-11 22:20:13,2026.0,3.0,11.0,Wednesday,22.0,20.0,22-23,image,True,False,False,<image omitted>,image omitted,image omitted
27,27,3/12/26,12:52:07 AM,Anya Mockson,user,<image omitted>,2026-03-12 00:52:07,2026.0,3.0,12.0,Thursday,0.0,52.0,00-01,image,True,False,False,<image omitted>,image omitted,image omitted
28,28,3/12/26,2:07:57 AM,Tara Fakenham,user,[Forwarded] Weekly schedule: practice on Monday and Thursday,2026-03-12 02:07:57,2026.0,3.0,12.0,Thursday,2.0,7.0,02-03,,False,False,True,[forwarded] weekly schedule: practice on monday and thursday,forwarded weekly schedule practice on monday and thursday,forwarded weekly schedule practice monday thursday
29,29,3/12/26,3:54:09 AM,Sam Sample,user,lunch today anyone?,2026-03-12 03:54:09,2026.0,3.0,12.0,Thursday,3.0,54.0,03-04,,False,False,False,lunch today anyone?,lunch today anyone,lunch today anyone
30,30,3/12/26,5:59:35 AM,Meera Imaginary,user,sent the document to everyone,2026-03-12 05:59:35,2026.0,3.0,12.0,Thursday,5.0,59.0,05-06,,False,False,False,sent the document to everyone,sent the document to everyone,sent document everyone
31,31,3/12/26,7:53:05 AM,Zoya Samplewala,user,उद्या भेटू,2026-03-12 07:53:05,2026.0,3.0,12.0,Thursday,7.0,53.0,07-08,,False,False,False,उद्या भेटू,उद्या भेटू,उद्या भेटू
32,32,3/12/26,9:25:14 AM,Zoya Samplewala,user,👍,2026-03-12 09:25:14,2026.0,3.0,12.0,Thursday,9.0,25.0,09-10,,False,False,False,👍,👍,👍
33,33,3/12/26,11:10:22 AM,Riya Testwala,user,कल मैच है,2026-03-12 11:10:22,2026.0,3.0,12.0,Thursday,11.0,10.0,11-12,,False,False,False,कल मैच है,कल मैच है,कल मैच है
34,34,3/12/26,12:54:25 PM,Kabir Fictional,user,practice is cancelled tomorrow,2026-03-12 12:54:25,2026.0,3.0,12.0,Thursday,12.0,54.0,12-13,,False,False,False,practice is cancelled tomorrow,practice is cancelled tomorrow,practice cancelled tomorrow
35,35,3/12/26,3:11:25 PM,Alex Demo,user,उद्या भेटू,2026-03-12 15:11:25,2026.0,3.0,12.0,Thursday,15.0,11.0,15-16,,False,False,False,उद्या भेटू,उद्या भेटू,उद्या भेटू
36,36,3/12/26,4:30:15 PM,Kabir Fictional,user,❤️,2026-03-12 16:30:15,2026.0,3.0,12.0,Thursday,16.0,30.0,16-17,,False,False,False,❤️,❤️,❤️
37,37,3/12/26,6:08:43 PM,Kabir Fictional,user,कल मैच है,2026-03-12 18:08:43,2026.0,3.0,12.0,Thursday,18.0,8.0,18-19,,False,False,False,कल मैच है,कल मैच है,कल मैच है
38,38,3/12/26,8:31:18 PM,Vikram Dummy,user,details here https://example.com/demo?id=3,2026-03-12 20:31:18,2026.0,3.0,12.0,Thursday,20.0,31.0,20-21,,False,False,False,details here https://example.com/demo?id=3,details here https://example.com/demo?id=3,details https://example.com/demo?id=3
39,39,3/12/26,10:27:38 PM,Meera Imaginary,user,who is bringing the equipment,2026-03-12 22:27:38,2026.0,3.0,12.0,Thursday,22.0,27.0,22-23,,False,False,False,who is bringing the equipment,who is bringing the equipment,bringing equipment
40,40,3/13/26,12:05:59 AM,Vikram Dummy,user,सामना शनिवारी आहे।,2026-03-13 00:05:59,2026.0,3.0,13.0,Friday,0.0,5.0,00-01,,False,False,False,सामना शनिवारी आहे।,सामना शनिवारी आहे,सामना शनिवारी आहे
41,41,3/13/26,1:35:55 AM,Omkar Testkar,user,see you at the ground at five,2026-03-13 01:35:55,2026.0,3.0,13.0,Friday,1.0,35.0,01-02,,False,False,False,see you at the ground at five,see you at the ground at five,see ground five
42,42,3/13/26,3:36:38 AM,Meera Imaginary,user,the meeting starts at ten please be on time,2026-03-13 03:36:38,2026.0,3.0,13.0,Friday,3.0,36.0,03-04,,False,False,False,the meeting starts at ten please be on time,the meeting starts at ten please be on time,meeting starts ten please time
43,43,3/13/26,5:12:59 AM,Dev Placeholder,user,well done 🎉,2026-03-13 05:12:59,2026.0,3.0,13.0,Friday,5.0,12.0,05-06,,False,False,False,well done 🎉,well done 🎉,well done 🎉
44,44,3/13/26,7:25:42 AM,Isha Demoji,user,good morning team,2026-03-13 07:25:42,2026.0,3.0,13.0,Friday,7.0,25.0,07-08,,False,False,False,good morning team,good morning team,good morning team
45,45,3/13/26,8:49:27 AM,Vikram Dummy,user,see you at the ground at five,2026-03-13 08:49:27,2026.0,3.0,13.0,Friday,8.0,49.0,08-09,,False,False,False,see you at the ground at five,see you at the ground at five,see ground five
46,46,3/13/26,11:05:23 AM,Alex Demo,user,details here https://example.com/demo?id=3,2026-03-13 11:05:23,2026.0,3.0,13.0,Friday,11.0,5.0,11-12,,False,False,False,details here https://example.com/demo?id=3,details here https://example.com/demo?id=3,details https://example.com/demo?id=3
47,47,3/13/26,12:34:41 PM,Riya Testwala,user,ok will join the call,2026-03-13 12:34:41,2026.0,3.0,13.0,Friday,12.0,34.0,12-13,,False,False,False,ok will join the call,ok will join the call,ok will join call
48,48,3/13/26,2:26:12 PM,Alex Demo,user,running late will be there soon,2026-03-13 14:26:12,2026.0,3.0,13.0,Friday,14.0,26.0,14-15,,False,False,False,running late will be there soon,running late will be there soon,running late will soon
49,49,3/13/26,3:44:40 PM,Anya Mockson,user,great game today well played,2026-03-13 15:44:40,2026.0,3.0,13.0,Friday,15.0,44.0,15-16,,False,False,False,great game today well played,great game today well played,great game today well played
50,50,3/13/26,5:57:37 PM,Kabir Fictional,user,वेळेत या,2026-03-13 17:57:37,2026.0,3.0,13.0,Friday,17.0,57.0,17-18,,False,False,False,वेळेत या,वेळेत या,वेळेत या
51,51,3/13/26,7:43:09 PM,Omkar Testkar,user,see you at the ground at five,2026-03-13 19:43:09,2026.0,3.0,13.0,Friday,19.0,43.0,19-20,,False,False,False,see you at the ground at five,see you at the ground at five,see ground five
52,52,3/13/26,9:07:10 PM,Isha Demoji,user,ok will join the call,2026-03-13 21:07:10,2026.0,3.0,13.0,Friday,21.0,7.0,21-22,,False,False,False,ok will join the call,ok will join the call,ok will join call
53,53,3/13/26,10:56:35 PM,Sam Sample,user,the meeting starts at ten please be on time,2026-03-13 22:56:35,2026.0,3.0,13.0,Friday,22.0,56.0,22-23,,False,False,False,the meeting starts at ten please be on time,the meeting starts at ten please be on time,meeting starts ten please time
54,54,3/14/26,1:07:54 AM,Sam Sample,user,lunch today anyone?,2026-03-14 01:07:54,2026.0,3.0,14.0,Saturday,1.0,7.0,01-02,,False,False,False,lunch today anyone?,lunch today anyone,lunch today anyone
55,55,3/14/26,2:51:18 AM,Meera Imaginary,user,😀😀,2026-03-14 02:51:18,2026.0,3.0,14.0,Saturday,2.0,51.0,02-03,,False,False,False,😀😀,😀😀,😀😀
56,56,3/14/26,5:00:28 AM,Tara Fakenham,user,details here https://example.com/demo?id=5,2026-03-14 05:00:28,2026.0,3.0,14.0,Saturday,5.0,0.0,05-06,,False,False,False,details here https://example.com/demo?id=5,details here https://example.com/demo?id=5,details https://example.com/demo?id=5
57,57,3/14/26,6:46:53 AM,Isha Demoji,user,great game today well played,2026-03-14 06:46:53,2026.0,3.0,14.0,Saturday,6.0,46.0,06-07,,False,False,False,great game today well played,great game today well played,great game today well played
58,58,3/14/26,7:58:53 AM,Anya Mockson,user,reached the venue,2026-03-14 07:58:53,2026.0,3.0,14.0,Saturday,7.0,58.0,07-08,,False,False,False,reached the venue,reached the venue,reached venue
59,59,3/14/26,7:58:53 AM,,system,Sam Sample left,2026-03-14 07:58:53,2026.0,3.0,14.0,Saturday,7.0,58.0,07-08,,False,False,False,sam sample left,sam sample left,sam sample left
60,60,3/14/26,7:58:53 AM,,system,Alex Demo changed the group name to “Fictional Team 53”,2026-03-14 07:58:53,2026.0,3.0,14.0,Saturday,7.0,58.0,07-08,,False,False,False,alex demo changed the group name to “fictional team 53”,alex demo changed the group name to fictional team 53,alex demo changed group name fictional team 53
61,61,3/14/26,10:28:46 AM,Dev Placeholder,user,details here https://example.com/demo?id=1,2026-03-14 10:28:46,2026.0,3.0,14.0,Saturday,10.0,28.0,10-11,,False,False,False,details here https://example.com/demo?id=1,details here https://example.com/demo?id=1,details https://example.com/demo?id=1
62,62,3/14/26,12:19:12 PM,Meera Imaginary,user,ok will join the call,2026-03-14 12:19:12,2026.0,3.0,14.0,Saturday,12.0,19.0,12-13,,False,False,False,ok will join the call,ok will join the call,ok will join call
63,63,3/14/26,2:04:18 PM,Omkar Testkar,user,tumhi kadhi yenar,2026-03-14 14:04:18,2026.0,3.0,14.0,Saturday,14.0,4.0,14-15,,False,False,False,tumhi kadhi yenar,tumhi kadhi yenar,tumhi kadhi yenar
64,64,3/14/26,3:30:57 PM,Riya Testwala,user,<image omitted>,2026-03-14 15:30:57,2026.0,3.0,14.0,Saturday,15.0,30.0,15-16,image,True,False,False,<image omitted>,image omitted,image omitted
65,65,3/14/26,5:27:18 PM,Tara Fakenham,user,thanks a lot for the update,2026-03-14 17:27:18,2026.0,3.0,14.0,Saturday,17.0,27.0,17-18,,False,False,False,thanks a lot for the update,thanks a lot for the update,thanks lot update
66,66,3/14/26,6:45:52 PM,Omkar Testkar,user,tumhi ready ahat ka? ok,2026-03-14 18:45:52,2026.0,3.0,14.0,Saturday,18.0,45.0,18-19,,False,False,False,tumhi ready ahat ka? ok,tumhi ready ahat ka ok,tumhi ready ahat ka ok
67,67,3/14/26,8:46:16 PM,Dev Placeholder,user,[Forwarded] Weekly schedule: practice on Monday and Thursday,2026-03-14 20:46:16,2026.0,3.0,14.0,Saturday,20.0,46.0,20-21,,False,False,True,[forwarded] weekly schedule: practice on monday and thursday,forwarded weekly schedule practice on monday and thursday,forwarded weekly schedule practice monday thursday
68,68,3/14/26,10:18:31 PM,Dev Placeholder,user,the meeting starts at ten please be on time,2026-03-14 22:18:31,2026.0,3.0,14.0,Saturday,22.0,18.0,22-23,,False,False,False,the meeting starts at ten please be on time,the meeting starts at ten please be on time,meeting starts ten please time
69,69,3/15/26,12:52:59 AM,Anya Mockson,user,booking confirmed for the hall,2026-03-15 00:52:59,2026.0,3.0,15.0,Sunday,0.0,52.0,00-01,,False,False,False,booking confirmed for the hall,booking confirmed for the hall,booking confirmed hall
70,70,3/15/26,2:28:12 AM,Isha Demoji,user,❤️,2026-03-15 02:28:12,2026.0,3.0,15.0,Sunday,2.0,28.0,02-03,,False,False,False,❤️,❤️,❤️
71,71,3/15/26,4:13:43 AM,Anya Mockson,user,great game today well played,2026-03-15 04:13:43,2026.0,3.0,15.0,Sunday,4.0,13.0,04-05,,False,False,False,great game today well played,great game today well played,great game today well played
72,72,3/15/26,6:01:24 AM,Zoya Samplewala,user,sent the document to everyone,2026-03-15 06:01:24,2026.0,3.0,15.0,Sunday,6.0,1.0,06-07,,False,False,False,sent the document to everyone,sent the document to everyone,sent document everyone
73,73,3/15/26,7:33:31 AM,Anya Mockson,user,kal practice hai kya,2026-03-15 07:33:31,2026.0,3.0,15.0,Sunday,7.0,33.0,07-08,,False,False,False,kal practice hai kya,kal practice hai kya,kal practice hai kya
74,74,3/15/26,9:41:35 AM,Omkar Testkar,user,sent the document to everyone,2026-03-15 09:41:35,2026.0,3.0,15.0,Sunday,9.0,41.0,09-10,,False,False,False,sent the document to everyone,sent the document to everyone,sent document everyone
75,75,3/15/26,11:01:15 AM,Vikram Dummy,user,reminder: fees are due this friday,2026-03-15 11:01:15,2026.0,3.0,15.0,Sunday,11.0,1.0,11-12,,False,False,False,reminder: fees are due this friday,reminder fees are due this friday,reminder fees due friday
76,76,3/15/26,1:05:54 PM,Isha Demoji,user,<image omitted>,2026-03-15 13:05:54,2026.0,3.0,15.0,Sunday,13.0,5.0,13-14,image,True,False,False,<image omitted>,image omitted,image omitted
77,77,3/15/26,3:04:07 PM,Dev Placeholder,user,please confirm the number of players,2026-03-15 15:04:07,2026.0,3.0,15.0,Sunday,15.0,4.0,15-16,,False,False,False,please confirm the number of players,please confirm the number of players,please confirm number players
78,78,3/15/26,4:27:16 PM,Zoya Samplewala,user,lunch today anyone?,2026-03-15 16:27:16,2026.0,3.0,15.0,Sunday,16.0,27.0,16-17,,False,False,False,lunch today anyone?,lunch today anyone,lunch today anyone
79,79,3/15/26,6:15:10 PM,Meera Imaginary,user,sab log aa rahe ho na,2026-03-15 18:15:10,2026.0,3.0,15.0,Sunday,18.0,15.0,18-19,,False,False,False,sab log aa rahe ho na,sab log aa rahe ho na,sab log aa rahe ho na
80,80,3/15/26,8:18:54 PM,Meera Imaginary,user,the match is on saturday,2026-03-15 20:18:54,2026.0,3.0,15.0,Sunday,20.0,18.0,20-21,,False,False,False,the match is on saturday,the match is on saturday,match saturday
81,81,3/15/26,10:08:33 PM,Tara Fakenham,user,the match is on saturday,2026-03-15 22:08:33,2026.0,3.0,15.0,Sunday,22.0,8.0,22-23,,False,False,False,the match is on saturday,the match is on saturday,match saturday
82,82,3/15/26,11:47:42 PM,Omkar Testkar,user,<image omitted>,2026-03-15 23:47:42,2026.0,3.0,15.0,Sunday,23.0,47.0,23-00,image,True,False,False,<image omitted>,image omitted,image omitted
83,83,3/16/26,2:02:56 AM,Tara Fakenham,user,शुक्रिया दोस्तों,2026-03-16 02:02:56,2026.0,3.0,16.0,Monday,2.0,2.0,02-03,,False,False,False,शुक्रिया दोस्तों,शुक्रिया दोस्तों,शुक्रिया दोस्तों
84,84,3/16/26,3:34:09 AM,Anya Mockson,user,running late will be there soon,2026-03-16 03:34:09,2026.0,3.0,16.0,Monday,3.0,34.0,03-04,,False,False,False,running late will be there soon,running late will be there soon,running late will soon
85,85,3/16/26,5:17:11 AM,Anya Mockson,user,🙏,2026-03-16 05:17:11,2026.0,3.0,16.0,Monday,5.0,17.0,05-06,,False,False,False,🙏,🙏,🙏
86,86,3/16/26,7:08:15 AM,Anya Mockson,user,ok will join the call,2026-03-16 07:08:15,2026.0,3.0,16.0,Monday,7.0,8.0,07-08,,False,False,False,ok will join the call,ok will join the call,ok will join call
87,87,3/16/26,8:41:35 AM,Kabir Fictional,user,can someone send the location,2026-03-16 08:41:35,2026.0,3.0,16.0,Monday,8.0,41.0,08-09,,False,False,False,can someone send the location,can someone send the location,can someone send location
88,88,3/16/26,10:36:17 AM,Vikram Dummy,user,सामना शनिवारी आहे।,2026-03-16 10:36:17,2026.0,3.0,16.0,Monday,10.0,36.0,10-11,,False,False,False,सामना शनिवारी आहे।,सामना शनिवारी आहे,सामना शनिवारी आहे
89,89,3/16/26,12:26:51 PM,Riya Testwala,user,reminder: fees are due this friday,2026-03-16 12:26:51,2026.0,3.0,16.0,Monday,12.0,26.0,12-13,,False,False,False,reminder: fees are due this friday,reminder fees are due this friday,reminder fees due friday
90,90,3/16/26,2:08:25 PM,Isha Demoji,user,ok will join the call,2026-03-16 14:08:25,2026.0,3.0,16.0,Monday,14.0,8.0,14-15,,False,False,False,ok will join the call,ok will join the call,ok will join call
91,91,3/16/26,4:19:55 PM,Meera Imaginary,user,<image omitted>,2026-03-16 16:19:55,2026.0,3.0,16.0,Monday,16.0,19.0,16-17,image,True,False,False,<image omitted>,image omitted,image omitted
92,92,3/16/26,5:41:40 PM,Kabir Fictional,user,call me on +91 90000 12345 later,2026-03-16 17:41:40,2026.0,3.0,16.0,Monday,17.0,41.0,17-18,,False,False,False,call me on +91 90000 12345 later,call me on 91 90000 12345 later,call 91 90000 12345 later
93,93,3/16/26,8:06:52 PM,Meera Imaginary,user,ok will join the call,2026-03-16 20:06:52,2026.0,3.0,16.0,Monday,20.0,6.0,20-21,,False,False,False,ok will join the call,ok will join the call,ok will join call
94,94,3/16/26,9:27:17 PM,Vikram Dummy,user,running late will be there soon,2026-03-16 21:27:17,2026.0,3.0,16.0,Monday,21.0,27.0,21-22,,False,False,False,running late will be there soon,running late will be there soon,running late will soon
95,95,3/16/26,11:18:53 PM,Omkar Testkar,user,the meeting starts at ten please be on time,2026-03-16 23:18:53,2026.0,3.0,16.0,Monday,23.0,18.0,23-00,,False,False,False,the meeting starts at ten please be on time,the meeting starts at ten please be on time,meeting starts ten please time
96,96,3/17/26,1:12:36 AM,Sam Sample,user,the match is on saturday,2026-03-17 01:12:36,2026.0,3.0,17.0,Tuesday,1.0,12.0,01-02,,False,False,False,the match is on saturday,the match is on saturday,match saturday
97,97,3/17/26,2:56:48 AM,Vikram Dummy,user,bring water and snacks,2026-03-17 02:56:48,2026.0,3.0,17.0,Tuesday,2.0,56.0,02-03,,False,False,False,bring water and snacks,bring water and snacks,bring water snacks
98,98,3/17/26,4:49:54 AM,Dev Placeholder,user,आज प्रैक्टिस नहीं होगी,2026-03-17 04:49:54,2026.0,3.0,17.0,Tuesday,4.0,49.0,04-05,,False,False,False,आज प्रैक्टिस नहीं होगी,आज प्रैक्टिस नहीं होगी,आज प्रैक्टिस नहीं होगी
99,99,3/17/26,6:34:19 AM,Vikram Dummy,user,<image omitted>,2026-03-17 06:34:19,2026.0,3.0,17.0,Tuesday,6.0,34.0,06-07,image,True,False,False,<image omitted>,image omitted,image omitted
100,100,3/17/26,8:13:00 AM,Alex Demo,user,😀😀,2026-03-17 08:13:00,2026.0,3.0,17.0,Tuesday,8.0,13.0,08-09,,False,False,False,😀😀,😀😀,😀😀
101,101,3/17/26,10:07:00 AM,Isha Demoji,user,[Forwarded] Reminder to carry ID cards,2026-03-17 10:07:00,2026.0,3.0,17.0,Tuesday,10.0,7.0,10-11,,False,False,True,[forwarded] reminder to carry id cards,forwarded reminder to carry id cards,forwarded reminder carry id cards
102,102,3/17/26,12:07:27 PM,Anya Mockson,user,सब लोग समय पर आना।,2026-03-17 12:07:27,2026.0,3.0,17.0,Tuesday,12.0,7.0,12-13,,False,False,False,सब लोग समय पर आना।,सब लोग समय पर आना,सब लोग समय पर आना
103,103,3/17/26,1:22:54 PM,Riya Testwala,user,who is bringing the equipment,2026-03-17 13:22:54,2026.0,3.0,17.0,Tuesday,13.0,22.0,13-14,,False,False,False,who is bringing the equipment,who is bringing the equipment,bringing equipment
104,104,3/17/26,3:13:22 PM,Anya Mockson,user,This message was deleted,2026-03-17 15:13:22,2026.0,3.0,17.0,Tuesday,15.0,13.0,15-16,,False,True,False,this message was deleted,this message was deleted,message deleted
105,105,3/17/26,4:57:51 PM,Alex Demo,user,ok will join the call,2026-03-17 16:57:51,2026.0,3.0,17.0,Tuesday,16.0,57.0,16-17,,False,False,False,ok will join the call,ok will join the call,ok will join call
106,106,3/17/26,6:49:43 PM,Omkar Testkar,user,ok will join the call,2026-03-17 18:49:43,2026.0,3.0,17.0,Tuesday,18.0,49.0,18-19,,False,False,False,ok will join the call,ok will join the call,ok will join call
107,107,3/17/26,9:10:29 PM,Kabir Fictional,user,ठीक hai see you there,2026-03-17 21:10:29,2026.0,3.0,17.0,Tuesday,21.0,10.0,21-22,,False,False,False,ठीक hai see you there,ठीक hai see you there,ठीक hai see
108,108,3/17/26,11:00:57 PM,Kabir Fictional,user,उद्या भेटू,2026-03-17 23:00:57,2026.0,3.0,17.0,Tuesday,23.0,0.0,23-00,,False,False,False,उद्या भेटू,उद्या भेटू,उद्या भेटू
109,109,3/18/26,12:34:54 AM,Omkar Testkar,user,आज सराव आहे,2026-03-18 00:34:54,2026.0,3.0,18.0,Wednesday,0.0,34.0,00-01,,False,False,False,आज सराव आहे,आज सराव आहे,आज सराव आहे
110,110,3/18/26,2:10:30 AM,Anya Mockson,user,This message was deleted,2026-03-18 02:10:30,2026.0,3.0,18.0,Wednesday,2.0,10.0,02-03,,False,True,False,this message was deleted,this message was deleted,message deleted
111,111,3/18/26,4:23:25 AM,Dev Placeholder,user,कल मैच है,2026-03-18 04:23:25,2026.0,3.0,18.0,Wednesday,4.0,23.0,04-05,,False,False,False,कल मैच है,कल मैच है,कल मैच है
112,112,3/18/26,5:39:42 AM,Meera Imaginary,user,details here https://example.com/demo?id=4,2026-03-18 05:39:42,2026.0,3.0,18.0,Wednesday,5.0,39.0,05-06,,False,False,False,details here https://example.com/demo?id=4,details here https://example.com/demo?id=4,details https://example.com/demo?id=4
113,113,3/18/26,7:58:58 AM,Riya Testwala,user,please confirm the number of players,2026-03-18 07:58:58,2026.0,3.0,18.0,Wednesday,7.0,58.0,07-08,,False,False,False,please confirm the number of players,please confirm the number of players,please confirm number players
114,114,3/18/26,7:58:58 AM,,system,Sam Sample left,2026-03-18 07:58:58,2026.0,3.0,18.0,Wednesday,7.0,58.0,07-08,,False,False,False,sam sample left,sam sample left,sam sample left
115,115,3/18/26,7:58:58 AM,,system,Alex Demo changed the group name to “Fictional Team 106”,2026-03-18 07:58:58,2026.0,3.0,18.0,Wednesday,7.0,58.0,07-08,,False,False,False,alex demo changed the group name to “fictional team 106”,alex demo changed the group name to fictional team 106,alex demo changed group name fictional team 106
116,116,3/18/26,9:19:28 AM,Kabir Fictional,user,details here https://example.com/demo?id=4,2026-03-18 09:19:28,2026.0,3.0,18.0,Wednesday,9.0,19.0,09-10,,False,False,False,details here https://example.com/demo?id=4,details here https://example.com/demo?id=4,details https://example.com/demo?id=4
117,117,3/18/26,11:43:54 AM,Dev Placeholder,user,आज सराव आहे,2026-03-18 11:43:54,2026.0,3.0,18.0,Wednesday,11.0,43.0,11-12,,False,False,False,आज सराव आहे,आज सराव आहे,आज सराव आहे
118,118,3/18/26,1:05:11 PM,Tara Fakenham,user,😀😀,2026-03-18 13:05:11,2026.0,3.0,18.0,Wednesday,13.0,5.0,13-14,,False,False,False,😀😀,😀😀,😀😀
119,119,3/18/26,2:53:23 PM,Kabir Fictional,user,कल मैच है,2026-03-18 14:53:23,2026.0,3.0,18.0,Wednesday,14.0,53.0,14-15,,False,False,False,कल मैच है,कल मैच है,कल मैच है
120,120,3/18/26,4:22:23 PM,Kabir Fictional,user,can someone send the location,2026-03-18 16:22:23,2026.0,3.0,18.0,Wednesday,16.0,22.0,16-17,,False,False,False,can someone send the location,can someone send the location,can someone send location
121,121,3/18/26,6:47:48 PM,Tara Fakenham,user,details here https://example.com/demo?id=5,2026-03-18 18:47:48,2026.0,3.0,18.0,Wednesday,18.0,47.0,18-19,,False,False,False,details here https://example.com/demo?id=5,details here https://example.com/demo?id=5,details https://example.com/demo?id=5
122,122,3/18/26,8:39:28 PM,Zoya Samplewala,user,please share the schedule for next week,2026-03-18 20:39:28,2026.0,3.0,18.0,Wednesday,20.0,39.0,20-21,,False,False,False,please share the schedule for next week,please share the schedule for next week,please share schedule next week
123,123,3/18/26,10:05:26 PM,Anya Mockson,user,happy birthday have a great day,2026-03-18 22:05:26,2026.0,3.0,18.0,Wednesday,22.0,5.0,22-23,,False,False,False,happy birthday have a great day,happy birthday have a great day,happy birthday great day
124,124,3/19/26,12:10:03 AM,Omkar Testkar,user,कल मैच है,2026-03-19 00:10:03,2026.0,3.0,19.0,Thursday,0.0,10.0,00-01,,False,False,False,कल मैच है,कल मैच है,कल मैच है
125,125,3/19/26,1:55:24 AM,Riya Testwala,user,happy birthday have a great day,2026-03-19 01:55:24,2026.0,3.0,19.0,Thursday,1.0,55.0,01-02,,False,False,False,happy birthday have a great day,happy birthday have a great day,happy birthday great day
126,126,3/19/26,3:31:49 AM,Dev Placeholder,user,सामना शनिवारी आहे।,2026-03-19 03:31:49,2026.0,3.0,19.0,Thursday,3.0,31.0,03-04,,False,False,False,सामना शनिवारी आहे।,सामना शनिवारी आहे,सामना शनिवारी आहे
127,127,3/19/26,5:16:33 AM,Vikram Dummy,user,who is bringing the equipment,2026-03-19 05:16:33,2026.0,3.0,19.0,Thursday,5.0,16.0,05-06,,False,False,False,who is bringing the equipment,who is bringing the equipment,bringing equipment
128,128,3/19/26,6:53:48 AM,Tara Fakenham,user,sent the document to everyone,2026-03-19 06:53:48,2026.0,3.0,19.0,Thursday,6.0,53.0,06-07,,False,False,False,sent the document to everyone,sent the document to everyone,sent document everyone
129,129,3/19/26,8:52:00 AM,Tara Fakenham,user,वेळेत या,2026-03-19 08:52:00,2026.0,3.0,19.0,Thursday,8.0,52.0,08-09,,False,False,False,वेळेत या,वेळेत या,वेळेत या
130,130,3/19/26,10:27:41 AM,Meera Imaginary,user,kal practice hai kya,2026-03-19 10:27:41,2026.0,3.0,19.0,Thursday,10.0,27.0,10-11,,False,False,False,kal practice hai kya,kal practice hai kya,kal practice hai kya
131,131,3/19/26,12:08:55 PM,Vikram Dummy,user,who is bringing the equipment,2026-03-19 12:08:55,2026.0,3.0,19.0,Thursday,12.0,8.0,12-13,,False,False,False,who is bringing the equipment,who is bringing the equipment,bringing equipment
132,132,3/19/26,2:39:50 PM,Vikram Dummy,user,[Forwarded] Reminder to carry ID cards,2026-03-19 14:39:50,2026.0,3.0,19.0,Thursday,14.0,39.0,14-15,,False,False,True,[forwarded] reminder to carry id cards,forwarded reminder to carry id cards,forwarded reminder carry id cards
133,133,3/19/26,3:53:10 PM,Zoya Samplewala,user,reminder: fees are due this friday,2026-03-19 15:53:10,2026.0,3.0,19.0,Thursday,15.0,53.0,15-16,,False,False,False,reminder: fees are due this friday,reminder fees are due this friday,reminder fees due friday
134,134,3/19/26,5:41:42 PM,Zoya Samplewala,user,see you at the ground at five,2026-03-19 17:41:42,2026.0,3.0,19.0,Thursday,17.0,41.0,17-18,,False,False,False,see you at the ground at five,see you at the ground at five,see ground five
135,138,3/19/26,8:04:57 PM,Kabir Fictional,user,"first line of a note
second line

last line after a blank line",2026-03-19 20:04:57,2026.0,3.0,19.0,Thursday,20.0,4.0,20-21,,False,False,False,first line of a note second line last line after a blank line,first line of a note second line last line after a blank line,first line note second line last line blank line
139,139,3/19/26,9:24:42 PM,Omkar Testkar,user,details here https://example.com/demo?id=2,2026-03-19 21:24:42,2026.0,3.0,19.0,Thursday,21.0,24.0,21-22,,False,False,False,details here https://example.com/demo?id=2,details here https://example.com/demo?id=2,details https://example.com/demo?id=2
140,140,3/19/26,11:34:15 PM,Riya Testwala,user,reminder: fees are due this friday,2026-03-19 23:34:15,2026.0,3.0,19.0,Thursday,23.0,34.0,23-00,,False,False,False,reminder: fees are due this friday,reminder fees are due this friday,reminder fees due friday
141,141,3/20/26,1:13:17 AM,Riya Testwala,user,kal practice hai kya,2026-03-20 01:13:17,2026.0,3.0,20.0,Friday,1.0,13.0,01-02,,False,False,False,kal practice hai kya,kal practice hai kya,kal practice hai kya
142,142,3/20/26,3:00:07 AM,Zoya Samplewala,user,can someone send the location,2026-03-20 03:00:07,2026.0,3.0,20.0,Friday,3.0,0.0,03-04,,False,False,False,can someone send the location,can someone send the location,can someone send location
143,143,3/20/26,5:06:49 AM,Kabir Fictional,user,lunch today anyone?,2026-03-20 05:06:49,2026.0,3.0,20.0,Friday,5.0,6.0,05-06,,False,False,False,lunch today anyone?,lunch today anyone,lunch today anyone
144,144,3/20/26,6:55:35 AM,Zoya Samplewala,user,उद्या भेटू,2026-03-20 06:55:35,2026.0,3.0,20.0,Friday,6.0,55.0,06-07,,False,False,False,उद्या भेटू,उद्या भेटू,उद्या भेटू
145,145,3/20/26,8:18:15 AM,Anya Mockson,user,ok will join the call,2026-03-20 08:18:15,2026.0,3.0,20.0,Friday,8.0,18.0,08-09,,False,False,False,ok will join the call,ok will join the call,ok will join call
146,146,3/20/26,9:47:04 AM,Omkar Testkar,user,आज प्रैक्टिस नहीं होगी,2026-03-20 09:47:04,2026.0,3.0,20.0,Friday,9.0,47.0,09-10,,False,False,False,आज प्रैक्टिस नहीं होगी,आज प्रैक्टिस नहीं होगी,आज प्रैक्टिस नहीं होगी
147,147,3/20/26,12:15:52 PM,Meera Imaginary,user,reminder: fees are due this friday,2026-03-20 12:15:52,2026.0,3.0,20.0,Friday,12.0,15.0,12-13,,False,False,False,reminder: fees are due this friday,reminder fees are due this friday,reminder fees due friday
148,148,3/20/26,2:05:06 PM,Vikram Dummy,user,आज सराव आहे,2026-03-20 14:05:06,2026.0,3.0,20.0,Friday,14.0,5.0,14-15,,False,False,False,आज सराव आहे,आज सराव आहे,आज सराव आहे
149,149,3/20/26,3:18:14 PM,Meera Imaginary,user,sent the document to everyone,2026-03-20 15:18:14,2026.0,3.0,20.0,Friday,15.0,18.0,15-16,,False,False,False,sent the document to everyone,sent the document to everyone,sent document everyone
150,150,3/20/26,5:03:42 PM,Alex Demo,user,reminder: fees are due this friday,2026-03-20 17:03:42,2026.0,3.0,20.0,Friday,17.0,3.0,17-18,,False,False,False,reminder: fees are due this friday,reminder fees are due this friday,reminder fees due friday
151,151,3/20/26,6:58:46 PM,Riya Testwala,user,lunch today anyone?,2026-03-20 18:58:46,2026.0,3.0,20.0,Friday,18.0,58.0,18-19,,False,False,False,lunch today anyone?,lunch today anyone,lunch today anyone
152,152,3/20/26,8:55:55 PM,Vikram Dummy,user,great game today well played,2026-03-20 20:55:55,2026.0,3.0,20.0,Friday,20.0,55.0,20-21,,False,False,False,great game today well played,great game today well played,great game today well played
153,153,3/20/26,10:31:08 PM,Riya Testwala,user,शुक्रिया दोस्तों,2026-03-20 22:31:08,2026.0,3.0,20.0,Friday,22.0,31.0,22-23,,False,False,False,शुक्रिया दोस्तों,शुक्रिया दोस्तों,शुक्रिया दोस्तों
154,154,3/21/26,12:42:05 AM,Meera Imaginary,user,कल मैच है,2026-03-21 00:42:05,2026.0,3.0,21.0,Saturday,0.0,42.0,00-01,,False,False,False,कल मैच है,कल मैच है,कल मैच है
155,155,3/21/26,2:06:52 AM,Riya Testwala,user,running late will be there soon,2026-03-21 02:06:52,2026.0,3.0,21.0,Saturday,2.0,6.0,02-03,,False,False,False,running late will be there soon,running late will be there soon,running late will soon
156,156,3/21/26,3:58:19 AM,Meera Imaginary,user,<image omitted>,2026-03-21 03:58:19,2026.0,3.0,21.0,Saturday,3.0,58.0,03-04,image,True,False,False,<image omitted>,image omitted,image omitted
157,157,3/21/26,6:07:17 AM,Zoya Samplewala,user,[Forwarded] Weekly schedule: practice on Monday and Thursday,2026-03-21 06:07:17,2026.0,3.0,21.0,Saturday,6.0,7.0,06-07,,False,False,True,[forwarded] weekly schedule: practice on monday and thursday,forwarded weekly schedule practice on monday and thursday,forwarded weekly schedule practice monday thursday
158,158,3/21/26,7:56:46 AM,Omkar Testkar,user,<image omitted>,2026-03-21 07:56:46,2026.0,3.0,21.0,Saturday,7.0,56.0,07-08,image,True,False,False,<image omitted>,image omitted,image omitted
159,159,3/21/26,9:26:33 AM,Alex Demo,user,आज प्रैक्टिस नहीं होगी,2026-03-21 09:26:33,2026.0,3.0,21.0,Saturday,9.0,26.0,09-10,,False,False,False,आज प्रैक्टिस नहीं होगी,आज प्रैक्टिस नहीं होगी,आज प्रैक्टिस नहीं होगी
160,160,3/21/26,11:18:31 AM,Anya Mockson,user,This message was deleted,2026-03-21 11:18:31,2026.0,3.0,21.0,Saturday,11.0,18.0,11-12,,False,True,False,this message was deleted,this message was deleted,message deleted
161,161,3/21/26,1:19:17 PM,Vikram Dummy,user,mala sangaa please,2026-03-21 13:19:17,2026.0,3.0,21.0,Saturday,13.0,19.0,13-14,,False,False,False,mala sangaa please,mala sangaa please,mala sangaa please
162,162,3/21/26,3:07:08 PM,Alex Demo,user,सब लोग समय पर आना।,2026-03-21 15:07:08,2026.0,3.0,21.0,Saturday,15.0,7.0,15-16,,False,False,False,सब लोग समय पर आना।,सब लोग समय पर आना,सब लोग समय पर आना
163,163,3/21/26,4:46:19 PM,Riya Testwala,user,<image omitted>,2026-03-21 16:46:19,2026.0,3.0,21.0,Saturday,16.0,46.0,16-17,image,True,False,False,<image omitted>,image omitted,image omitted
164,164,3/21/26,6:10:57 PM,Vikram Dummy,user,happy birthday have a great day,2026-03-21 18:10:57,2026.0,3.0,21.0,Saturday,18.0,10.0,18-19,,False,False,False,happy birthday have a great day,happy birthday have a great day,happy birthday great day
165,165,3/21/26,8:15:16 PM,Kabir Fictional,user,happy birthday have a great day,2026-03-21 20:15:16,2026.0,3.0,21.0,Saturday,20.0,15.0,20-21,,False,False,False,happy birthday have a great day,happy birthday have a great day,happy birthday great day
166,166,3/21/26,10:17:10 PM,Isha Demoji,user,reached the venue,2026-03-21 22:17:10,2026.0,3.0,21.0,Saturday,22.0,17.0,22-23,,False,False,False,reached the venue,reached the venue,reached venue
167,167,3/22/26,12:16:23 AM,Omkar Testkar,user,<image omitted>,2026-03-22 00:16:23,2026.0,3.0,22.0,Sunday,0.0,16.0,00-01,image,True,False,False,<image omitted>,image omitted,image omitted
168,168,3/22/26,1:37:33 AM,Omkar Testkar,user,the match is on saturday,2026-03-22 01:37:33,2026.0,3.0,22.0,Sunday,1.0,37.0,01-02,,False,False,False,the match is on saturday,the match is on saturday,match saturday
169,169,3/22/26,3:29:39 AM,Sam Sample,user,the meeting starts at ten please be on time,2026-03-22 03:29:39,2026.0,3.0,22.0,Sunday,3.0,29.0,03-04,,False,False,False,the meeting starts at ten please be on time,the meeting starts at ten please be on time,meeting starts ten please time
170,170,3/22/26,5:01:50 AM,Riya Testwala,user,This message was deleted,2026-03-22 05:01:50,2026.0,3.0,22.0,Sunday,5.0,1.0,05-06,,False,True,False,this message was deleted,this message was deleted,message deleted
171,171,3/22/26,6:52:15 AM,Riya Testwala,user,❤️,2026-03-22 06:52:15,2026.0,3.0,22.0,Sunday,6.0,52.0,06-07,,False,False,False,❤️,❤️,❤️
