variant,metric,value,denominator
all,mixed_script_messages,2,143
all,mixed_messages_with_alternation,2,2
all,total_alternations,2,
all,median_alternations_mixed,1.0,2
all,max_alternations_mixed,1,2
all,min_devanagari_share_mixed,0.2,2
all,median_devanagari_share_mixed,0.2,2
all,max_devanagari_share_mixed,0.2,2
all,share_0_to_0.25,2,2
all,share_0.25_to_0.5,0,2
all,share_0.5_to_0.75,0,2
all,share_0.75_to_1,0,2
all,mixed_messages_devanagari_share_0,0,2
all,mixed_messages_devanagari_share_1,0,2
all,no_alphabetic_messages,10,143
all,short_messages_all_classes,55,143
all,alphabetic_tokens_latin,526,612
all,alphabetic_tokens_devanagari,86,612
all,alphabetic_tokens_other,0,612
all,alphabetic_tokens_mixed,0,612
all,letters_latin,2296,
all,letters_devanagari,199,
all,letters_other,0,
unique,mixed_script_messages,1,44
unique,mixed_messages_with_alternation,1,1
unique,total_alternations,1,
unique,median_alternations_mixed,1,1
unique,max_alternations_mixed,1,1
unique,min_devanagari_share_mixed,0.2,1
unique,median_devanagari_share_mixed,0.2,1
unique,max_devanagari_share_mixed,0.2,1
unique,share_0_to_0.25,1,1
unique,share_0.25_to_0.5,0,1
unique,share_0.5_to_0.75,0,1
unique,share_0.75_to_1,0,1
unique,mixed_messages_devanagari_share_0,0,1
unique,mixed_messages_devanagari_share_1,0,1
unique,no_alphabetic_messages,4,44
unique,short_messages_all_classes,17,44
unique,alphabetic_tokens_latin,163,188
unique,alphabetic_tokens_devanagari,25,188
unique,alphabetic_tokens_other,0,188
unique,alphabetic_tokens_mixed,0,188
unique,letters_latin,718,
unique,letters_devanagari,61,
unique,letters_other,0,
