variant,term,script,df,idf,total_tfidf,mean_tfidf_in_docs,n_docs_top3
all,details,latin,9,3.667228206581955,9.0,1.0,9
all,will,latin,14,3.2617630984737906,6.336883763637014,0.452634554545501,0
all,ok,latin,12,3.404863942114464,5.634320466502103,0.46952670554184195,10
all,call,latin,11,3.4849066497880004,5.627050456227166,0.5115500414751969,11
all,join,latin,10,3.57191802677763,5.202690900218135,0.5202690900218135,10
all,❤️,other,5,4.178053830347945,5.0,1.0,5
all,see,latin,8,3.772588722239781,4.328857226686436,0.5411071533358045,8
all,today,latin,9,3.667228206581955,4.257615717870507,0.47306841309672304,5
all,कल,devanagari,7,3.8903717578961645,4.04145188432738,0.5773502691896256,7
all,मैच,devanagari,7,3.8903717578961645,4.04145188432738,0.5773502691896256,7
all,है,devanagari,7,3.8903717578961645,4.04145188432738,0.5773502691896256,7
all,please,latin,10,3.57191802677763,3.998259851570765,0.3998259851570765,2
all,reminder,latin,8,3.772588722239781,3.67255223343046,0.4590690291788075,0
all,five,latin,6,4.023903150520687,3.5361540755958645,0.5893590125993108,6
all,ground,latin,6,4.023903150520687,3.5361540755958645,0.5893590125993108,6
all,bringing,latin,5,4.178053830347945,3.5355339059327373,0.7071067811865475,5
all,equipment,latin,5,4.178053830347945,3.5355339059327373,0.7071067811865475,5
all,document,latin,6,4.023903150520687,3.4641016151377544,0.5773502691896257,6
all,everyone,latin,6,4.023903150520687,3.4641016151377544,0.5773502691896257,6
all,sent,latin,6,4.023903150520687,3.4641016151377544,0.5773502691896257,6
all,great,latin,8,3.772588722239781,3.4549699001019256,0.4318712375127407,0
all,आहे,devanagari,6,4.023903150520687,3.234318504142335,0.5390530840237225,6
all,due,latin,6,4.023903150520687,3.046435067549018,0.5077391779248364,6
all,fees,latin,6,4.023903150520687,3.046435067549018,0.5077391779248364,6
all,friday,latin,6,4.023903150520687,3.046435067549018,0.5077391779248364,6
all,आज,devanagari,6,4.023903150520687,3.0083804372956204,0.5013967395492701,3
all,anyone,latin,5,4.178053830347945,3.003980858748245,0.6007961717496489,5
all,lunch,latin,5,4.178053830347945,3.003980858748245,0.6007961717496489,5
all,😀😀,other,3,4.58351893845611,3.0,1.0,3
all,practice,latin,7,3.8903717578961645,2.997442246847428,0.4282060352639183,1
all,match,latin,4,4.3603753871419,2.8284271247461903,0.7071067811865476,4
all,saturday,latin,4,4.3603753871419,2.8284271247461903,0.7071067811865476,4
all,उद्या,devanagari,4,4.3603753871419,2.8284271247461903,0.7071067811865476,4
all,भेटू,devanagari,4,4.3603753871419,2.8284271247461903,0.7071067811865476,4
all,well,latin,6,4.023903150520687,2.787309613251944,0.4645516022086573,6
all,hai,latin,5,4.178053830347945,2.5736019562066255,0.5147203912413251,5
all,meeting,latin,5,4.178053830347945,2.2987850093947375,0.4597570018789475,5
all,starts,latin,5,4.178053830347945,2.2987850093947375,0.4597570018789475,5
all,ten,latin,5,4.178053830347945,2.2987850093947375,0.4597570018789475,5
all,time,latin,5,4.178053830347945,2.2987850093947375,0.4597570018789475,0
all,या,devanagari,3,4.58351893845611,2.121320343559643,0.7071067811865476,3
all,वेळेत,devanagari,3,4.58351893845611,2.121320343559643,0.7071067811865476,3
all,late,latin,4,4.3603753871419,2.120122788874353,0.5300306972185882,4
all,running,latin,4,4.3603753871419,2.120122788874353,0.5300306972185882,4
all,soon,latin,4,4.3603753871419,2.120122788874353,0.5300306972185882,4
all,birthday,latin,4,4.3603753871419,2.065985665160872,0.516496416290218,4
all,day,latin,4,4.3603753871419,2.065985665160872,0.516496416290218,4
all,happy,latin,4,4.3603753871419,2.065985665160872,0.516496416290218,4
all,can,latin,4,4.3603753871419,2.0,0.5,4
all,location,latin,4,4.3603753871419,2.0,0.5,4
all,send,latin,4,4.3603753871419,2.0,0.5,4
all,someone,latin,4,4.3603753871419,2.0,0.5,0
all,tumhi,latin,4,4.3603753871419,1.934013530342624,0.483503382585656,2
all,game,latin,4,4.3603753871419,1.9272844273119951,0.4818211068279988,4
all,played,latin,4,4.3603753871419,1.9272844273119951,0.4818211068279988,4
all,सराव,devanagari,3,4.58351893845611,1.881833598537351,0.6272778661791171,3
all,शनिवारी,devanagari,3,4.58351893845611,1.8022908851289994,0.6007636283763331,3
all,सामना,devanagari,3,4.58351893845611,1.8022908851289994,0.6007636283763331,3
all,schedule,latin,4,4.3603753871419,1.7330746736587905,0.43326866841469763,0
all,kal,latin,3,4.58351893845611,1.5919388056307135,0.5306462685435712,3
all,kya,latin,3,4.58351893845611,1.5919388056307135,0.5306462685435712,3
all,नहीं,devanagari,3,4.58351893845611,1.5449309613007942,0.5149769871002647,3
all,प्रैक्टिस,devanagari,3,4.58351893845611,1.5449309613007942,0.5149769871002647,3
all,होगी,devanagari,3,4.58351893845611,1.5449309613007942,0.5149769871002647,3
all,reached,latin,2,4.871201010907891,1.414213562373095,0.7071067811865475,2
all,venue,latin,2,4.871201010907891,1.414213562373095,0.7071067811865475,2
all,दोस्तों,devanagari,2,4.871201010907891,1.414213562373095,0.7071067811865475,2
all,शुक्रिया,devanagari,2,4.871201010907891,1.414213562373095,0.7071067811865475,2
all,monday,latin,3,4.58351893845611,1.3949083818134334,0.4649694606044778,3
all,thursday,latin,3,4.58351893845611,1.3949083818134334,0.4649694606044778,3
all,weekly,latin,3,4.58351893845611,1.3949083818134334,0.4649694606044778,3
all,आना,devanagari,3,4.58351893845611,1.3416407864998736,0.44721359549995787,3
all,पर,devanagari,3,4.58351893845611,1.3416407864998736,0.44721359549995787,3
all,लोग,devanagari,3,4.58351893845611,1.3416407864998736,0.44721359549995787,3
all,सब,devanagari,3,4.58351893845611,1.3416407864998736,0.44721359549995787,0
all,समय,devanagari,3,4.58351893845611,1.3416407864998736,0.44721359549995787,0
all,ठीक,devanagari,2,4.871201010907891,1.308711500801473,0.6543557504007365,2
all,mala,latin,2,4.871201010907891,1.2554829740168003,0.6277414870084002,2
all,sangaa,latin,2,4.871201010907891,1.2554829740168003,0.6277414870084002,2
all,done,latin,2,4.871201010907891,1.2211535350814537,0.6105767675407269,2
all,🎉,other,2,4.871201010907891,1.2211535350814537,0.6105767675407269,2
all,kadhi,latin,2,4.871201010907891,1.1949589102537215,0.5974794551268607,2
all,yenar,latin,2,4.871201010907891,1.1949589102537215,0.5974794551268607,2
all,bring,latin,2,4.871201010907891,1.1547005383792515,0.5773502691896257,2
all,snacks,latin,2,4.871201010907891,1.1547005383792515,0.5773502691896257,2
all,water,latin,2,4.871201010907891,1.1547005383792515,0.5773502691896257,2
all,confirm,latin,2,4.871201010907891,1.0633352027902694,0.5316676013951347,2
all,number,latin,2,4.871201010907891,1.0633352027902694,0.5316676013951347,2
all,players,latin,2,4.871201010907891,1.0633352027902694,0.5316676013951347,2
all,cards,latin,2,4.871201010907891,1.0541217620627088,0.5270608810313544,2
all,carry,latin,2,4.871201010907891,1.0541217620627088,0.5270608810313544,2
all,id,latin,2,4.871201010907891,1.0541217620627088,0.5270608810313544,2
all,👍,other,1,5.276666119016055,1.0,1.0,1
all,🙏,other,1,5.276666119016055,1.0,1.0,1
all,ahat,latin,2,4.871201010907891,0.9656276970130669,0.48281384850653347,2
all,ka,latin,2,4.871201010907891,0.9656276970130669,0.48281384850653347,2
all,ready,latin,2,4.871201010907891,0.9656276970130669,0.48281384850653347,2
all,line,latin,1,5.276666119016055,0.8728715609439696,0.8728715609439696,1
all,later,latin,1,5.276666119016055,0.8344416433551017,0.8344416433551017,1
all,aa,latin,2,4.871201010907891,0.816496580927726,0.408248290463863,2
all,ho,latin,2,4.871201010907891,0.816496580927726,0.408248290463863,2
all,log,latin,2,4.871201010907891,0.816496580927726,0.408248290463863,2
all,na,latin,2,4.871201010907891,0.816496580927726,0.408248290463863,0
all,rahe,latin,2,4.871201010907891,0.816496580927726,0.408248290463863,0
all,sab,latin,2,4.871201010907891,0.816496580927726,0.408248290463863,0
all,cancelled,latin,1,5.276666119016055,0.627014164466157,0.627014164466157,1
all,tomorrow,latin,1,5.276666119016055,0.627014164466157,0.627014164466157,1
all,booking,latin,1,5.276666119016055,0.5773502691896258,0.5773502691896258,1
all,confirmed,latin,1,5.276666119016055,0.5773502691896258,0.5773502691896258,1
all,good,latin,1,5.276666119016055,0.5773502691896258,0.5773502691896258,1
all,hall,latin,1,5.276666119016055,0.5773502691896258,0.5773502691896258,1
all,lot,latin,1,5.276666119016055,0.5773502691896258,0.5773502691896258,1
all,morning,latin,1,5.276666119016055,0.5773502691896258,0.5773502691896258,1
all,team,latin,1,5.276666119016055,0.5773502691896258,0.5773502691896258,1
all,thanks,latin,1,5.276666119016055,0.5773502691896258,0.5773502691896258,1
all,update,latin,1,5.276666119016055,0.5773502691896258,0.5773502691896258,1
all,next,latin,1,5.276666119016055,0.4914087809137925,0.4914087809137925,1
all,share,latin,1,5.276666119016055,0.4914087809137925,0.4914087809137925,1
all,week,latin,1,5.276666119016055,0.4914087809137925,0.4914087809137925,1
all,blank,latin,1,5.276666119016055,0.2182178902359924,0.2182178902359924,1
all,first,latin,1,5.276666119016055,0.2182178902359924,0.2182178902359924,1
all,last,latin,1,5.276666119016055,0.2182178902359924,0.2182178902359924,0
all,note,latin,1,5.276666119016055,0.2182178902359924,0.2182178902359924,0
all,second,latin,1,5.276666119016055,0.2182178902359924,0.2182178902359924,0
unique,please,latin,4,3.1972245773362196,1.6231302134130887,0.4057825533532722,1
unique,practice,latin,3,3.4203681286504293,1.342840822263215,0.4476136074210717,1
unique,call,latin,2,3.70805020110221,1.1557309662778774,0.5778654831389387,2
unique,see,latin,2,3.70805020110221,1.0938609495021994,0.5469304747510997,2
unique,आहे,devanagari,2,3.70805020110221,1.0938609495021994,0.5469304747510997,2
unique,hai,latin,2,3.70805020110221,1.037921434952308,0.518960717476154,2
unique,आज,devanagari,2,3.70805020110221,1.0180197277526912,0.5090098638763456,1
unique,details,latin,1,4.113515309210374,1.0,1.0,1
unique,❤️,other,1,4.113515309210374,1.0,1.0,1
unique,👍,other,1,4.113515309210374,1.0,1.0,1
unique,😀😀,other,1,4.113515309210374,1.0,1.0,1
unique,🙏,other,1,4.113515309210374,1.0,1.0,1
unique,today,latin,2,3.70805020110221,0.9654116072418564,0.4827058036209282,1
unique,well,latin,2,3.70805020110221,0.9654116072418564,0.4827058036209282,1
unique,tumhi,latin,2,3.70805020110221,0.9566520021848319,0.47832600109241596,1
unique,will,latin,2,3.70805020110221,0.9478401449234026,0.4739200724617013,0
unique,reminder,latin,2,3.70805020110221,0.9233218716252032,0.4616609358126016,0
unique,ok,latin,2,3.70805020110221,0.905329053733523,0.4526645268667615,1
unique,great,latin,2,3.70805020110221,0.8895703854923482,0.4447851927461741,1
unique,line,latin,1,4.113515309210374,0.8728715609439694,0.8728715609439694,1
unique,schedule,latin,2,3.70805020110221,0.8536791678654198,0.4268395839327099,0
unique,later,latin,1,4.113515309210374,0.742765403390923,0.742765403390923,1
unique,bringing,latin,1,4.113515309210374,0.7071067811865476,0.7071067811865476,1
unique,equipment,latin,1,4.113515309210374,0.7071067811865476,0.7071067811865476,1
unique,match,latin,1,4.113515309210374,0.7071067811865476,0.7071067811865476,1
unique,reached,latin,1,4.113515309210374,0.7071067811865476,0.7071067811865476,1
unique,saturday,latin,1,4.113515309210374,0.7071067811865476,0.7071067811865476,1
unique,venue,latin,1,4.113515309210374,0.7071067811865476,0.7071067811865476,1
unique,उद्या,devanagari,1,4.113515309210374,0.7071067811865476,0.7071067811865476,1
unique,दोस्तों,devanagari,1,4.113515309210374,0.7071067811865476,0.7071067811865476,1
unique,भेटू,devanagari,1,4.113515309210374,0.7071067811865476,0.7071067811865476,1
unique,या,devanagari,1,4.113515309210374,0.7071067811865476,0.7071067811865476,1
unique,वेळेत,devanagari,1,4.113515309210374,0.7071067811865476,0.7071067811865476,1
unique,शुक्रिया,devanagari,1,4.113515309210374,0.7071067811865476,0.7071067811865476,1
unique,mala,latin,1,4.113515309210374,0.6196834114558119,0.6196834114558119,1
unique,sangaa,latin,1,4.113515309210374,0.6196834114558119,0.6196834114558119,1
unique,ठीक,devanagari,1,4.113515309210374,0.6171950982160569,0.6171950982160569,1
unique,सराव,devanagari,1,4.113515309210374,0.6171950982160569,0.6171950982160569,1
unique,cancelled,latin,1,4.113515309210374,0.6095539483710285,0.6095539483710285,1
unique,tomorrow,latin,1,4.113515309210374,0.6095539483710285,0.6095539483710285,1
unique,anyone,latin,1,4.113515309210374,0.5962765426444667,0.5962765426444667,1
unique,done,latin,1,4.113515309210374,0.5962765426444667,0.5962765426444667,1
unique,five,latin,1,4.113515309210374,0.5962765426444667,0.5962765426444667,1
unique,ground,latin,1,4.113515309210374,0.5962765426444667,0.5962765426444667,1
unique,kadhi,latin,1,4.113515309210374,0.5962765426444667,0.5962765426444667,1
unique,lunch,latin,1,4.113515309210374,0.5962765426444667,0.5962765426444667,1
unique,yenar,latin,1,4.113515309210374,0.5962765426444667,0.5962765426444667,1
unique,शनिवारी,devanagari,1,4.113515309210374,0.5962765426444666,0.5962765426444666,1
unique,सामना,devanagari,1,4.113515309210374,0.5962765426444666,0.5962765426444666,1
unique,🎉,other,1,4.113515309210374,0.5962765426444667,0.5962765426444667,1
unique,booking,latin,1,4.113515309210374,0.5773502691896257,0.5773502691896257,1
unique,bring,latin,1,4.113515309210374,0.5773502691896257,0.5773502691896257,1
unique,confirmed,latin,1,4.113515309210374,0.5773502691896257,0.5773502691896257,1
unique,document,latin,1,4.113515309210374,0.5773502691896257,0.5773502691896257,1
unique,everyone,latin,1,4.113515309210374,0.5773502691896257,0.5773502691896257,1
unique,good,latin,1,4.113515309210374,0.5773502691896257,0.5773502691896257,1
unique,hall,latin,1,4.113515309210374,0.5773502691896257,0.5773502691896257,1
unique,lot,latin,1,4.113515309210374,0.5773502691896257,0.5773502691896257,1
unique,morning,latin,1,4.113515309210374,0.5773502691896257,0.5773502691896257,1
unique,sent,latin,1,4.113515309210374,0.5773502691896257,0.5773502691896257,1
unique,snacks,latin,1,4.113515309210374,0.5773502691896257,0.5773502691896257,1
unique,team,latin,1,4.113515309210374,0.5773502691896257,0.5773502691896257,1
unique,thanks,latin,1,4.113515309210374,0.5773502691896257,0.5773502691896257,1
unique,update,latin,1,4.113515309210374,0.5773502691896257,0.5773502691896257,1
unique,water,latin,1,4.113515309210374,0.5773502691896257,0.5773502691896257,1
unique,कल,devanagari,1,4.113515309210374,0.5773502691896257,0.5773502691896257,1
unique,मैच,devanagari,1,4.113515309210374,0.5773502691896257,0.5773502691896257,1
unique,है,devanagari,1,4.113515309210374,0.5773502691896257,0.5773502691896257,1
unique,join,latin,1,4.113515309210374,0.5393415707000417,0.5393415707000417,1
unique,kal,latin,1,4.113515309210374,0.53422019577452,0.53422019577452,1
unique,kya,latin,1,4.113515309210374,0.53422019577452,0.53422019577452,1
unique,confirm,latin,1,4.113515309210374,0.5267452693499644,0.5267452693499644,1
unique,number,latin,1,4.113515309210374,0.5267452693499644,0.5267452693499644,1
unique,players,latin,1,4.113515309210374,0.5267452693499644,0.5267452693499644,1
unique,birthday,latin,1,4.113515309210374,0.5121422915377565,0.5121422915377565,1
unique,cards,latin,1,4.113515309210374,0.5121422915377565,0.5121422915377565,1
unique,carry,latin,1,4.113515309210374,0.5121422915377565,0.5121422915377565,1
unique,day,latin,1,4.113515309210374,0.5121422915377565,0.5121422915377565,1
unique,due,latin,1,4.113515309210374,0.5121422915377566,0.5121422915377566,1
unique,fees,latin,1,4.113515309210374,0.5121422915377566,0.5121422915377566,1
unique,friday,latin,1,4.113515309210374,0.5121422915377566,0.5121422915377566,1
unique,happy,latin,1,4.113515309210374,0.5121422915377565,0.5121422915377565,1
unique,id,latin,1,4.113515309210374,0.5121422915377565,0.5121422915377565,1
unique,late,latin,1,4.113515309210374,0.5121422915377565,0.5121422915377565,1
unique,running,latin,1,4.113515309210374,0.5121422915377565,0.5121422915377565,1
unique,soon,latin,1,4.113515309210374,0.5121422915377565,0.5121422915377565,1
unique,नहीं,devanagari,1,4.113515309210374,0.5121422915377565,0.5121422915377565,1
unique,प्रैक्टिस,devanagari,1,4.113515309210374,0.5121422915377565,0.5121422915377565,1
unique,होगी,devanagari,1,4.113515309210374,0.5121422915377565,0.5121422915377565,1
unique,can,latin,1,4.113515309210374,0.5,0.5,1
unique,location,latin,1,4.113515309210374,0.5,0.5,1
unique,send,latin,1,4.113515309210374,0.5,0.5,1
unique,someone,latin,1,4.113515309210374,0.5,0.5,0
unique,next,latin,1,4.113515309210374,0.4758295092909451,0.4758295092909451,1
unique,share,latin,1,4.113515309210374,0.4758295092909451,0.4758295092909451,1
unique,week,latin,1,4.113515309210374,0.4758295092909451,0.4758295092909451,1
unique,game,latin,1,4.113515309210374,0.4747001730694489,0.4747001730694489,1
unique,played,latin,1,4.113515309210374,0.4747001730694489,0.4747001730694489,1
unique,monday,latin,1,4.113515309210374,0.4711971315901721,0.4711971315901721,1
unique,thursday,latin,1,4.113515309210374,0.4711971315901721,0.4711971315901721,1
unique,weekly,latin,1,4.113515309210374,0.4711971315901721,0.4711971315901721,1
unique,meeting,latin,1,4.113515309210374,0.4660439670446517,0.4660439670446517,1
unique,starts,latin,1,4.113515309210374,0.4660439670446517,0.4660439670446517,1
unique,ten,latin,1,4.113515309210374,0.4660439670446517,0.4660439670446517,1
unique,time,latin,1,4.113515309210374,0.4660439670446517,0.4660439670446517,0
unique,ahat,latin,1,4.113515309210374,0.4649827292511326,0.4649827292511326,1
unique,ka,latin,1,4.113515309210374,0.4649827292511326,0.4649827292511326,1
unique,ready,latin,1,4.113515309210374,0.4649827292511326,0.4649827292511326,1
unique,आना,devanagari,1,4.113515309210374,0.447213595499958,0.447213595499958,1
unique,पर,devanagari,1,4.113515309210374,0.447213595499958,0.447213595499958,1
unique,लोग,devanagari,1,4.113515309210374,0.447213595499958,0.447213595499958,1
unique,सब,devanagari,1,4.113515309210374,0.447213595499958,0.447213595499958,0
unique,समय,devanagari,1,4.113515309210374,0.447213595499958,0.447213595499958,0
unique,aa,latin,1,4.113515309210374,0.408248290463863,0.408248290463863,1
unique,ho,latin,1,4.113515309210374,0.408248290463863,0.408248290463863,1
unique,log,latin,1,4.113515309210374,0.408248290463863,0.408248290463863,1
unique,na,latin,1,4.113515309210374,0.408248290463863,0.408248290463863,0
unique,rahe,latin,1,4.113515309210374,0.408248290463863,0.408248290463863,0
unique,sab,latin,1,4.113515309210374,0.408248290463863,0.408248290463863,0
unique,blank,latin,1,4.113515309210374,0.21821789023599236,0.21821789023599236,1
unique,first,latin,1,4.113515309210374,0.21821789023599236,0.21821789023599236,1
unique,last,latin,1,4.113515309210374,0.21821789023599236,0.21821789023599236,0
unique,note,latin,1,4.113515309210374,0.21821789023599236,0.21821789023599236,0
unique,second,latin,1,4.113515309210374,0.21821789023599236,0.21821789023599236,0
