term,total_tfidf_all,rank_all,total_tfidf_unique,rank_unique,rank_change,count_all,count_unique
details,9.0,1,1.0,8,7,9,1
will,6.336883763637014,2,0.9478401449234026,16,14,14,2
ok,5.634320466502103,3,0.905329053733523,18,15,12,2
call,5.627050456227166,4,1.1557309662778774,3,-1,11,2
join,5.202690900218135,5,0.5393415707000417,69,64,10,1
❤️,5.0,6,1.0,8,2,5,1
see,4.328857226686436,7,1.0938609495021994,4,-3,8,2
today,4.257615717870507,8,0.9654116072418564,13,5,9,2
कल,4.04145188432738,9,0.5773502691896257,51,42,7,1
मैच,4.04145188432738,9,0.5773502691896257,51,42,7,1
है,4.04145188432738,9,0.5773502691896257,51,42,7,1
please,3.998259851570765,12,1.6231302134130887,1,-11,10,4
reminder,3.67255223343046,13,0.9233218716252032,17,4,8,2
five,3.5361540755958645,14,0.5962765426444667,41,27,6,1
ground,3.5361540755958645,14,0.5962765426444667,41,27,6,1
bringing,3.5355339059327373,16,0.7071067811865476,23,7,5,1
equipment,3.5355339059327373,16,0.7071067811865476,23,7,5,1
document,3.4641016151377544,18,0.5773502691896257,51,33,6,1
everyone,3.4641016151377544,18,0.5773502691896257,51,33,6,1
sent,3.4641016151377544,18,0.5773502691896257,51,33,6,1
great,3.4549699001019256,21,0.8895703854923482,19,-2,8,2
आहे,3.234318504142335,22,1.0938609495021994,4,-18,6,2
due,3.046435067549018,23,0.5121422915377566,75,52,6,1
fees,3.046435067549018,23,0.5121422915377566,75,52,6,1
friday,3.046435067549018,23,0.5121422915377566,75,52,6,1
आज,3.0083804372956204,26,1.0180197277526912,7,-19,6,2
anyone,3.003980858748245,27,0.5962765426444667,41,14,5,1
lunch,3.003980858748245,27,0.5962765426444667,41,14,5,1
😀😀,3.0,29,1.0,8,-21,3,1
practice,2.997442246847428,30,1.342840822263215,2,-28,7,3
match,2.8284271247461903,31,0.7071067811865476,23,-8,4,1
saturday,2.8284271247461903,31,0.7071067811865476,23,-8,4,1
उद्या,2.8284271247461903,31,0.7071067811865476,23,-8,4,1
भेटू,2.8284271247461903,31,0.7071067811865476,23,-8,4,1
well,2.787309613251944,35,0.9654116072418564,13,-22,6,2
hai,2.5736019562066255,36,1.037921434952308,6,-30,5,2
meeting,2.2987850093947375,37,0.4660439670446517,102,65,5,1
starts,2.2987850093947375,37,0.4660439670446517,102,65,5,1
ten,2.2987850093947375,37,0.4660439670446517,102,65,5,1
time,2.2987850093947375,37,0.4660439670446517,102,65,5,1
या,2.121320343559643,41,0.7071067811865476,23,-18,3,1
वेळेत,2.121320343559643,41,0.7071067811865476,23,-18,3,1
late,2.120122788874353,43,0.5121422915377565,75,32,4,1
running,2.120122788874353,43,0.5121422915377565,75,32,4,1
soon,2.120122788874353,43,0.5121422915377565,75,32,4,1
birthday,2.065985665160872,46,0.5121422915377565,75,29,4,1
day,2.065985665160872,46,0.5121422915377565,75,29,4,1
happy,2.065985665160872,46,0.5121422915377565,75,29,4,1
can,2.0,49,0.5,90,41,4,1
location,2.0,49,0.5,90,41,4,1
send,2.0,49,0.5,90,41,4,1
someone,2.0,49,0.5,90,41,4,1
tumhi,1.934013530342624,53,0.9566520021848319,15,-38,4,2
game,1.9272844273119951,54,0.4747001730694489,97,43,4,1
played,1.9272844273119951,54,0.4747001730694489,97,43,4,1
सराव,1.881833598537351,56,0.6171950982160569,37,-19,3,1
शनिवारी,1.8022908851289994,57,0.5962765426444666,41,-16,3,1
सामना,1.8022908851289994,57,0.5962765426444666,41,-16,3,1
schedule,1.7330746736587905,59,0.8536791678654198,21,-38,4,2
kal,1.5919388056307135,60,0.53422019577452,70,10,3,1
kya,1.5919388056307135,60,0.53422019577452,70,10,3,1
नहीं,1.5449309613007942,62,0.5121422915377565,75,13,3,1
प्रैक्टिस,1.5449309613007942,62,0.5121422915377565,75,13,3,1
होगी,1.5449309613007942,62,0.5121422915377565,75,13,3,1
reached,1.414213562373095,65,0.7071067811865476,23,-42,2,1
venue,1.414213562373095,65,0.7071067811865476,23,-42,2,1
दोस्तों,1.414213562373095,65,0.7071067811865476,23,-42,2,1
शुक्रिया,1.414213562373095,65,0.7071067811865476,23,-42,2,1
monday,1.3949083818134334,69,0.4711971315901721,99,30,3,1
thursday,1.3949083818134334,69,0.4711971315901721,99,30,3,1
weekly,1.3949083818134334,69,0.4711971315901721,99,30,3,1
आना,1.3416407864998736,72,0.447213595499958,109,37,3,1
पर,1.3416407864998736,72,0.447213595499958,109,37,3,1
लोग,1.3416407864998736,72,0.447213595499958,109,37,3,1
सब,1.3416407864998736,72,0.447213595499958,109,37,3,1
समय,1.3416407864998736,72,0.447213595499958,109,37,3,1
ठीक,1.308711500801473,77,0.6171950982160569,37,-40,2,1
mala,1.2554829740168003,78,0.6196834114558119,35,-43,2,1
sangaa,1.2554829740168003,78,0.6196834114558119,35,-43,2,1
done,1.2211535350814537,80,0.5962765426444667,41,-39,2,1
🎉,1.2211535350814537,80,0.5962765426444667,41,-39,2,1
kadhi,1.1949589102537215,82,0.5962765426444667,41,-41,2,1
yenar,1.1949589102537215,82,0.5962765426444667,41,-41,2,1
bring,1.1547005383792515,84,0.5773502691896257,51,-33,2,1
snacks,1.1547005383792515,84,0.5773502691896257,51,-33,2,1
water,1.1547005383792515,84,0.5773502691896257,51,-33,2,1
confirm,1.0633352027902694,87,0.5267452693499644,72,-15,2,1
number,1.0633352027902694,87,0.5267452693499644,72,-15,2,1
players,1.0633352027902694,87,0.5267452693499644,72,-15,2,1
cards,1.0541217620627088,90,0.5121422915377565,75,-15,2,1
carry,1.0541217620627088,90,0.5121422915377565,75,-15,2,1
id,1.0541217620627088,90,0.5121422915377565,75,-15,2,1
👍,1.0,93,1.0,8,-85,1,1
🙏,1.0,93,1.0,8,-85,1,1
ahat,0.9656276970130669,95,0.4649827292511326,106,11,2,1
ka,0.9656276970130669,95,0.4649827292511326,106,11,2,1
ready,0.9656276970130669,95,0.4649827292511326,106,11,2,1
line,0.8728715609439696,98,0.8728715609439694,20,-78,4,4
later,0.8344416433551017,99,0.742765403390923,22,-77,1,1
aa,0.816496580927726,100,0.408248290463863,114,14,2,1
ho,0.816496580927726,100,0.408248290463863,114,14,2,1
log,0.816496580927726,100,0.408248290463863,114,14,2,1
na,0.816496580927726,100,0.408248290463863,114,14,2,1
rahe,0.816496580927726,100,0.408248290463863,114,14,2,1
sab,0.816496580927726,100,0.408248290463863,114,14,2,1
cancelled,0.627014164466157,106,0.6095539483710285,39,-67,1,1
tomorrow,0.627014164466157,106,0.6095539483710285,39,-67,1,1
booking,0.5773502691896258,108,0.5773502691896257,51,-57,1,1
confirmed,0.5773502691896258,108,0.5773502691896257,51,-57,1,1
good,0.5773502691896258,108,0.5773502691896257,51,-57,1,1
hall,0.5773502691896258,108,0.5773502691896257,51,-57,1,1
lot,0.5773502691896258,108,0.5773502691896257,51,-57,1,1
morning,0.5773502691896258,108,0.5773502691896257,51,-57,1,1
team,0.5773502691896258,108,0.5773502691896257,51,-57,1,1
thanks,0.5773502691896258,108,0.5773502691896257,51,-57,1,1
update,0.5773502691896258,108,0.5773502691896257,51,-57,1,1
next,0.4914087809137925,117,0.4758295092909451,94,-23,1,1
share,0.4914087809137925,117,0.4758295092909451,94,-23,1,1
week,0.4914087809137925,117,0.4758295092909451,94,-23,1,1
blank,0.2182178902359924,120,0.21821789023599236,120,0,1,1
first,0.2182178902359924,120,0.21821789023599236,120,0,1,1
last,0.2182178902359924,120,0.21821789023599236,120,0,1,1
note,0.2182178902359924,120,0.21821789023599236,120,0,1,1
second,0.2182178902359924,120,0.21821789023599236,120,0,1,1
