variant,line_start,sender_anon,is_forwarded,is_repeat,has_url,has_phone,term,script,tf,df,idf,tfidf_raw,tfidf_norm,rank_in_message
all,5,Sender_1,False,False,False,False,या,devanagari,1,3,4.58351893845611,4.58351893845611,0.7071067811865476,1
all,5,Sender_1,False,False,False,False,वेळेत,devanagari,1,3,4.58351893845611,4.58351893845611,0.7071067811865476,2
all,7,Sender_2,False,False,False,False,ahat,latin,1,2,4.871201010907891,4.871201010907891,0.48281384850653347,1
all,7,Sender_2,False,False,False,False,ka,latin,1,2,4.871201010907891,4.871201010907891,0.48281384850653347,2
all,7,Sender_2,False,False,False,False,ready,latin,1,2,4.871201010907891,4.871201010907891,0.48281384850653347,3
all,7,Sender_2,False,False,False,False,tumhi,latin,1,4,4.3603753871419,4.3603753871419,0.43218286761005004,4
all,7,Sender_2,False,False,False,False,ok,latin,1,12,3.404863942114464,3.404863942114464,0.33747641697648184,5
all,8,Sender_3,False,False,False,False,five,latin,1,6,4.023903150520687,4.023903150520687,0.5893590125993108,1
all,8,Sender_3,False,False,False,False,ground,latin,1,6,4.023903150520687,4.023903150520687,0.5893590125993108,2
all,8,Sender_3,False,False,False,False,see,latin,1,8,3.772588722239781,3.772588722239781,0.5525503674199581,3
all,9,Sender_3,False,False,True,False,details,latin,1,9,3.667228206581955,3.667228206581955,1.0,1
all,10,Sender_4,False,False,False,False,document,latin,1,6,4.023903150520687,4.023903150520687,0.5773502691896257,1
all,10,Sender_4,False,False,False,False,everyone,latin,1,6,4.023903150520687,4.023903150520687,0.5773502691896257,2
all,10,Sender_4,False,False,False,False,sent,latin,1,6,4.023903150520687,4.023903150520687,0.5773502691896257,3
all,11,Sender_3,False,False,False,False,bringing,latin,1,5,4.178053830347945,4.178053830347945,0.7071067811865475,1
all,11,Sender_3,False,False,False,False,equipment,latin,1,5,4.178053830347945,4.178053830347945,0.7071067811865475,2
all,12,Sender_5,False,False,False,False,mala,latin,1,2,4.871201010907891,4.871201010907891,0.6277414870084002,1
all,12,Sender_5,False,False,False,False,sangaa,latin,1,2,4.871201010907891,4.871201010907891,0.6277414870084002,2
all,12,Sender_5,False,False,False,False,please,latin,1,10,3.57191802677763,3.57191802677763,0.4603056060672792,3
all,13,Sender_6,False,False,False,False,done,latin,1,2,4.871201010907891,4.871201010907891,0.6105767675407269,1
all,13,Sender_6,False,False,False,False,🎉,other,1,2,4.871201010907891,4.871201010907891,0.6105767675407269,2
all,13,Sender_6,False,False,False,False,well,latin,1,6,4.023903150520687,4.023903150520687,0.5043728996278789,3
all,14,Sender_7,False,False,False,False,aa,latin,1,2,4.871201010907891,4.871201010907891,0.408248290463863,1
all,14,Sender_7,False,False,False,False,ho,latin,1,2,4.871201010907891,4.871201010907891,0.408248290463863,2
all,14,Sender_7,False,False,False,False,log,latin,1,2,4.871201010907891,4.871201010907891,0.408248290463863,3
all,14,Sender_7,False,False,False,False,na,latin,1,2,4.871201010907891,4.871201010907891,0.408248290463863,4
all,14,Sender_7,False,False,False,False,rahe,latin,1,2,4.871201010907891,4.871201010907891,0.408248290463863,5
all,14,Sender_7,False,False,False,False,sab,latin,1,2,4.871201010907891,4.871201010907891,0.408248290463863,6
all,15,Sender_7,False,False,False,False,bring,latin,1,2,4.871201010907891,4.871201010907891,0.5773502691896257,1
all,15,Sender_7,False,False,False,False,snacks,latin,1,2,4.871201010907891,4.871201010907891,0.5773502691896257,2
all,15,Sender_7,False,False,False,False,water,latin,1,2,4.871201010907891,4.871201010907891,0.5773502691896257,3
all,16,Sender_8,False,True,False,False,five,latin,1,6,4.023903150520687,4.023903150520687,0.5893590125993108,1
all,16,Sender_8,False,True,False,False,ground,latin,1,6,4.023903150520687,4.023903150520687,0.5893590125993108,2
all,16,Sender_8,False,True,False,False,see,latin,1,8,3.772588722239781,3.772588722239781,0.5525503674199581,3
all,17,Sender_6,False,False,False,False,❤️,other,1,5,4.178053830347945,4.178053830347945,1.0,1
all,18,Sender_9,False,False,False,False,ठीक,devanagari,1,2,4.871201010907891,4.871201010907891,0.6543557504007365,1
all,18,Sender_9,False,False,False,False,hai,latin,1,5,4.178053830347945,4.178053830347945,0.5612442482357041,2
all,18,Sender_9,False,False,False,False,see,latin,1,8,3.772588722239781,3.772588722239781,0.5067775110833435,3
all,19,Sender_3,False,False,False,False,join,latin,1,10,3.57191802677763,3.57191802677763,0.5202690900218135,1
all,19,Sender_3,False,False,False,False,call,latin,1,11,3.4849066497880004,3.4849066497880004,0.5075954145375027,2
all,19,Sender_3,False,False,False,False,ok,latin,1,12,3.404863942114464,3.404863942114464,0.495936763254914,3
all,19,Sender_3,False,False,False,False,will,latin,1,14,3.2617630984737906,3.2617630984737906,0.47509335499521993,4
all,21,Sender_5,False,False,False,False,कल,devanagari,1,7,3.8903717578961645,3.8903717578961645,0.5773502691896257,1
all,21,Sender_5,False,False,False,False,मैच,devanagari,1,7,3.8903717578961645,3.8903717578961645,0.5773502691896257,2
all,21,Sender_5,False,False,False,False,है,devanagari,1,7,3.8903717578961645,3.8903717578961645,0.5773502691896257,3
all,22,Sender_9,False,False,False,False,can,latin,1,4,4.3603753871419,4.3603753871419,0.5,1
all,22,Sender_9,False,False,False,False,location,latin,1,4,4.3603753871419,4.3603753871419,0.5,2
all,22,Sender_9,False,False,False,False,send,latin,1,4,4.3603753871419,4.3603753871419,0.5,3
all,22,Sender_9,False,False,False,False,someone,latin,1,4,4.3603753871419,4.3603753871419,0.5,4
all,23,Sender_10,False,False,False,False,आना,devanagari,1,3,4.58351893845611,4.58351893845611,0.44721359549995787,1
all,23,Sender_10,False,False,False,False,पर,devanagari,1,3,4.58351893845611,4.58351893845611,0.44721359549995787,2
all,23,Sender_10,False,False,False,False,लोग,devanagari,1,3,4.58351893845611,4.58351893845611,0.44721359549995787,3
all,23,Sender_10,False,False,False,False,सब,devanagari,1,3,4.58351893845611,4.58351893845611,0.44721359549995787,4
all,23,Sender_10,False,False,False,False,समय,devanagari,1,3,4.58351893845611,4.58351893845611,0.44721359549995787,5
all,24,Sender_3,False,True,False,False,❤️,other,1,5,4.178053830347945,4.178053830347945,1.0,1
all,25,Sender_6,False,False,False,False,kadhi,latin,1,2,4.871201010907891,4.871201010907891,0.5974794551268607,1
all,25,Sender_6,False,False,False,False,yenar,latin,1,2,4.871201010907891,4.871201010907891,0.5974794551268607,2
all,25,Sender_6,False,False,False,False,tumhi,latin,1,4,4.3603753871419,4.3603753871419,0.5348238975612619,3
all,28,Sender_3,True,False,False,False,monday,latin,1,3,4.58351893845611,4.58351893845611,0.4649694606044778,1
all,28,Sender_3,True,False,False,False,thursday,latin,1,3,4.58351893845611,4.58351893845611,0.4649694606044778,2
all,28,Sender_3,True,False,False,False,weekly,latin,1,3,4.58351893845611,4.58351893845611,0.4649694606044778,3
all,28,Sender_3,True,False,False,False,schedule,latin,1,4,4.3603753871419,4.3603753871419,0.44233293655274475,4
all,28,Sender_3,True,False,False,False,practice,latin,1,7,3.8903717578961645,3.8903717578961645,0.3946539944763872,5
all,29,Sender_7,False,False,False,False,anyone,latin,1,5,4.178053830347945,4.178053830347945,0.6007961717496489,1
all,29,Sender_7,False,False,False,False,lunch,latin,1,5,4.178053830347945,4.178053830347945,0.6007961717496489,2
all,29,Sender_7,False,False,False,False,today,latin,1,9,3.667228206581955,3.667228206581955,0.5273404213806607,3
all,30,Sender_1,False,True,False,False,document,latin,1,6,4.023903150520687,4.023903150520687,0.5773502691896257,1
all,30,Sender_1,False,True,False,False,everyone,latin,1,6,4.023903150520687,4.023903150520687,0.5773502691896257,2
all,30,Sender_1,False,True,False,False,sent,latin,1,6,4.023903150520687,4.023903150520687,0.5773502691896257,3
all,31,Sender_2,False,False,False,False,उद्या,devanagari,1,4,4.3603753871419,4.3603753871419,0.7071067811865476,1
all,31,Sender_2,False,False,False,False,भेटू,devanagari,1,4,4.3603753871419,4.3603753871419,0.7071067811865476,2
all,32,Sender_2,False,False,False,False,👍,other,1,1,5.276666119016055,5.276666119016055,1.0,1
all,33,Sender_4,False,True,False,False,कल,devanagari,1,7,3.8903717578961645,3.8903717578961645,0.5773502691896257,1
all,33,Sender_4,False,True,False,False,मैच,devanagari,1,7,3.8903717578961645,3.8903717578961645,0.5773502691896257,2
all,33,Sender_4,False,True,False,False,है,devanagari,1,7,3.8903717578961645,3.8903717578961645,0.5773502691896257,3
all,34,Sender_10,False,False,False,False,cancelled,latin,1,1,5.276666119016055,5.276666119016055,0.627014164466157,1
all,34,Sender_10,False,False,False,False,tomorrow,latin,1,1,5.276666119016055,5.276666119016055,0.627014164466157,2
all,34,Sender_10,False,False,False,False,practice,latin,1,7,3.8903717578961645,3.8903717578961645,0.4622839767043779,3
all,35,Sender_6,False,True,False,False,उद्या,devanagari,1,4,4.3603753871419,4.3603753871419,0.7071067811865476,1
all,35,Sender_6,False,True,False,False,भेटू,devanagari,1,4,4.3603753871419,4.3603753871419,0.7071067811865476,2
all,36,Sender_10,False,True,False,False,❤️,other,1,5,4.178053830347945,4.178053830347945,1.0,1
all,37,Sender_10,False,True,False,False,कल,devanagari,1,7,3.8903717578961645,3.8903717578961645,0.5773502691896257,1
all,37,Sender_10,False,True,False,False,मैच,devanagari,1,7,3.8903717578961645,3.8903717578961645,0.5773502691896257,2
all,37,Sender_10,False,True,False,False,है,devanagari,1,7,3.8903717578961645,3.8903717578961645,0.5773502691896257,3
all,38,Sender_11,False,True,True,False,details,latin,1,9,3.667228206581955,3.667228206581955,1.0,1
all,39,Sender_1,False,True,False,False,bringing,latin,1,5,4.178053830347945,4.178053830347945,0.7071067811865475,1
all,39,Sender_1,False,True,False,False,equipment,latin,1,5,4.178053830347945,4.178053830347945,0.7071067811865475,2
all,40,Sender_11,False,False,False,False,शनिवारी,devanagari,1,3,4.58351893845611,4.58351893845611,0.6007636283763331,1
all,40,Sender_11,False,False,False,False,सामना,devanagari,1,3,4.58351893845611,4.58351893845611,0.6007636283763331,2
all,40,Sender_11,False,False,False,False,आहे,devanagari,1,6,4.023903150520687,4.023903150520687,0.5274145671482785,3
all,41,Sender_5,False,True,False,False,five,latin,1,6,4.023903150520687,4.023903150520687,0.5893590125993108,1
all,41,Sender_5,False,True,False,False,ground,latin,1,6,4.023903150520687,4.023903150520687,0.5893590125993108,2
all,41,Sender_5,False,True,False,False,see,latin,1,8,3.772588722239781,3.772588722239781,0.5525503674199581,3
all,42,Sender_1,False,False,False,False,meeting,latin,1,5,4.178053830347945,4.178053830347945,0.45975700187894747,1
all,42,Sender_1,False,False,False,False,starts,latin,1,5,4.178053830347945,4.178053830347945,0.45975700187894747,2
all,42,Sender_1,False,False,False,False,ten,latin,1,5,4.178053830347945,4.178053830347945,0.45975700187894747,3
all,42,Sender_1,False,False,False,False,time,latin,1,5,4.178053830347945,4.178053830347945,0.45975700187894747,4
all,42,Sender_1,False,False,False,False,please,latin,1,10,3.57191802677763,3.57191802677763,0.39305724378660933,5
all,43,Sender_8,False,True,False,False,done,latin,1,2,4.871201010907891,4.871201010907891,0.6105767675407269,1
all,43,Sender_8,False,True,False,False,🎉,other,1,2,4.871201010907891,4.871201010907891,0.6105767675407269,2
all,43,Sender_8,False,True,False,False,well,latin,1,6,4.023903150520687,4.023903150520687,0.5043728996278789,3
all,44,Sender_12,False,False,False,False,good,latin,1,1,5.276666119016055,5.276666119016055,0.5773502691896258,1
all,44,Sender_12,False,False,False,False,morning,latin,1,1,5.276666119016055,5.276666119016055,0.5773502691896258,2
all,44,Sender_12,False,False,False,False,team,latin,1,1,5.276666119016055,5.276666119016055,0.5773502691896258,3
all,45,Sender_11,False,True,False,False,five,latin,1,6,4.023903150520687,4.023903150520687,0.5893590125993108,1
all,45,Sender_11,False,True,False,False,ground,latin,1,6,4.023903150520687,4.023903150520687,0.5893590125993108,2
all,45,Sender_11,False,True,False,False,see,latin,1,8,3.772588722239781,3.772588722239781,0.5525503674199581,3
all,46,Sender_6,False,True,True,False,details,latin,1,9,3.667228206581955,3.667228206581955,1.0,1
all,47,Sender_4,False,True,False,False,join,latin,1,10,3.57191802677763,3.57191802677763,0.5202690900218135,1
all,47,Sender_4,False,True,False,False,call,latin,1,11,3.4849066497880004,3.4849066497880004,0.5075954145375027,2
all,47,Sender_4,False,True,False,False,ok,latin,1,12,3.404863942114464,3.404863942114464,0.495936763254914,3
all,47,Sender_4,False,True,False,False,will,latin,1,14,3.2617630984737906,3.2617630984737906,0.47509335499521993,4
all,48,Sender_6,False,False,False,False,late,latin,1,4,4.3603753871419,4.3603753871419,0.5300306972185882,1
all,48,Sender_6,False,False,False,False,running,latin,1,4,4.3603753871419,4.3603753871419,0.5300306972185882,2
all,48,Sender_6,False,False,False,False,soon,latin,1,4,4.3603753871419,4.3603753871419,0.5300306972185882,3
all,48,Sender_6,False,False,False,False,will,latin,1,14,3.2617630984737906,3.2617630984737906,0.3964875534212037,4
all,49,Sender_9,False,False,False,False,game,latin,1,4,4.3603753871419,4.3603753871419,0.4818211068279988,1
all,49,Sender_9,False,False,False,False,played,latin,1,4,4.3603753871419,4.3603753871419,0.4818211068279988,2
all,49,Sender_9,False,False,False,False,well,latin,1,6,4.023903150520687,4.023903150520687,0.4446409534990466,3
all,49,Sender_9,False,False,False,False,great,latin,1,8,3.772588722239781,3.772588722239781,0.4168707306982244,4
all,49,Sender_9,False,False,False,False,today,latin,1,9,3.667228206581955,3.667228206581955,0.405228402741801,5
all,50,Sender_10,False,True,False,False,या,devanagari,1,3,4.58351893845611,4.58351893845611,0.7071067811865476,1
all,50,Sender_10,False,True,False,False,वेळेत,devanagari,1,3,4.58351893845611,4.58351893845611,0.7071067811865476,2
all,51,Sender_5,False,True,False,False,five,latin,1,6,4.023903150520687,4.023903150520687,0.5893590125993108,1
all,51,Sender_5,False,True,False,False,ground,latin,1,6,4.023903150520687,4.023903150520687,0.5893590125993108,2
all,51,Sender_5,False,True,False,False,see,latin,1,8,3.772588722239781,3.772588722239781,0.5525503674199581,3
all,52,Sender_12,False,True,False,False,join,latin,1,10,3.57191802677763,3.57191802677763,0.5202690900218135,1
all,52,Sender_12,False,True,False,False,call,latin,1,11,3.4849066497880004,3.4849066497880004,0.5075954145375027,2
all,52,Sender_12,False,True,False,False,ok,latin,1,12,3.404863942114464,3.404863942114464,0.495936763254914,3
all,52,Sender_12,False,True,False,False,will,latin,1,14,3.2617630984737906,3.2617630984737906,0.47509335499521993,4
all,53,Sender_7,False,True,False,False,meeting,latin,1,5,4.178053830347945,4.178053830347945,0.45975700187894747,1
all,53,Sender_7,False,True,False,False,starts,latin,1,5,4.178053830347945,4.178053830347945,0.45975700187894747,2
all,53,Sender_7,False,True,False,False,ten,latin,1,5,4.178053830347945,4.178053830347945,0.45975700187894747,3
all,53,Sender_7,False,True,False,False,time,latin,1,5,4.178053830347945,4.178053830347945,0.45975700187894747,4
all,53,Sender_7,False,True,False,False,please,latin,1,10,3.57191802677763,3.57191802677763,0.39305724378660933,5
all,54,Sender_7,False,True,False,False,anyone,latin,1,5,4.178053830347945,4.178053830347945,0.6007961717496489,1
all,54,Sender_7,False,True,False,False,lunch,latin,1,5,4.178053830347945,4.178053830347945,0.6007961717496489,2
all,54,Sender_7,False,True,False,False,today,latin,1,9,3.667228206581955,3.667228206581955,0.5273404213806607,3
all,55,Sender_1,False,False,False,False,😀😀,other,1,3,4.58351893845611,4.58351893845611,1.0,1
all,56,Sender_3,False,True,True,False,details,latin,1,9,3.667228206581955,3.667228206581955,1.0,1
all,57,Sender_12,False,True,False,False,game,latin,1,4,4.3603753871419,4.3603753871419,0.4818211068279988,1
all,57,Sender_12,False,True,False,False,played,latin,1,4,4.3603753871419,4.3603753871419,0.4818211068279988,2
all,57,Sender_12,False,True,False,False,well,latin,1,6,4.023903150520687,4.023903150520687,0.4446409534990466,3
all,57,Sender_12,False,True,False,False,great,latin,1,8,3.772588722239781,3.772588722239781,0.4168707306982244,4
all,57,Sender_12,False,True,False,False,today,latin,1,9,3.667228206581955,3.667228206581955,0.405228402741801,5
all,58,Sender_9,False,False,False,False,reached,latin,1,2,4.871201010907891,4.871201010907891,0.7071067811865475,1
all,58,Sender_9,False,False,False,False,venue,latin,1,2,4.871201010907891,4.871201010907891,0.7071067811865475,2
all,61,Sender_8,False,True,True,False,details,latin,1,9,3.667228206581955,3.667228206581955,1.0,1
all,62,Sender_1,False,True,False,False,join,latin,1,10,3.57191802677763,3.57191802677763,0.5202690900218135,1
all,62,Sender_1,False,True,False,False,call,latin,1,11,3.4849066497880004,3.4849066497880004,0.5075954145375027,2
all,62,Sender_1,False,True,False,False,ok,latin,1,12,3.404863942114464,3.404863942114464,0.495936763254914,3
all,62,Sender_1,False,True,False,False,will,latin,1,14,3.2617630984737906,3.2617630984737906,0.47509335499521993,4
all,63,Sender_5,False,True,False,False,kadhi,latin,1,2,4.871201010907891,4.871201010907891,0.5974794551268607,1
all,63,Sender_5,False,True,False,False,yenar,latin,1,2,4.871201010907891,4.871201010907891,0.5974794551268607,2
all,63,Sender_5,False,True,False,False,tumhi,latin,1,4,4.3603753871419,4.3603753871419,0.5348238975612619,3
all,65,Sender_3,False,False,False,False,lot,latin,1,1,5.276666119016055,5.276666119016055,0.5773502691896258,1
all,65,Sender_3,False,False,False,False,thanks,latin,1,1,5.276666119016055,5.276666119016055,0.5773502691896258,2
all,65,Sender_3,False,False,False,False,update,latin,1,1,5.276666119016055,5.276666119016055,0.5773502691896258,3
all,66,Sender_5,False,True,False,False,ahat,latin,1,2,4.871201010907891,4.871201010907891,0.48281384850653347,1
all,66,Sender_5,False,True,False,False,ka,latin,1,2,4.871201010907891,4.871201010907891,0.48281384850653347,2
all,66,Sender_5,False,True,False,False,ready,latin,1,2,4.871201010907891,4.871201010907891,0.48281384850653347,3
all,66,Sender_5,False,True,False,False,tumhi,latin,1,4,4.3603753871419,4.3603753871419,0.43218286761005004,4
all,66,Sender_5,False,True,False,False,ok,latin,1,12,3.404863942114464,3.404863942114464,0.33747641697648184,5
all,67,Sender_8,True,True,False,False,monday,latin,1,3,4.58351893845611,4.58351893845611,0.4649694606044778,1
all,67,Sender_8,True,True,False,False,thursday,latin,1,3,4.58351893845611,4.58351893845611,0.4649694606044778,2
all,67,Sender_8,True,True,False,False,weekly,latin,1,3,4.58351893845611,4.58351893845611,0.4649694606044778,3
all,67,Sender_8,True,True,False,False,schedule,latin,1,4,4.3603753871419,4.3603753871419,0.44233293655274475,4
all,67,Sender_8,True,True,False,False,practice,latin,1,7,3.8903717578961645,3.8903717578961645,0.3946539944763872,5
all,68,Sender_8,False,True,False,False,meeting,latin,1,5,4.178053830347945,4.178053830347945,0.45975700187894747,1
all,68,Sender_8,False,True,False,False,starts,latin,1,5,4.178053830347945,4.178053830347945,0.45975700187894747,2
all,68,Sender_8,False,True,False,False,ten,latin,1,5,4.178053830347945,4.178053830347945,0.45975700187894747,3
all,68,Sender_8,False,True,False,False,time,latin,1,5,4.178053830347945,4.178053830347945,0.45975700187894747,4
all,68,Sender_8,False,True,False,False,please,latin,1,10,3.57191802677763,3.57191802677763,0.39305724378660933,5
all,69,Sender_9,False,False,False,False,booking,latin,1,1,5.276666119016055,5.276666119016055,0.5773502691896258,1
all,69,Sender_9,False,False,False,False,confirmed,latin,1,1,5.276666119016055,5.276666119016055,0.5773502691896258,2
all,69,Sender_9,False,False,False,False,hall,latin,1,1,5.276666119016055,5.276666119016055,0.5773502691896258,3
all,70,Sender_12,False,True,False,False,❤️,other,1,5,4.178053830347945,4.178053830347945,1.0,1
all,71,Sender_9,False,True,False,False,game,latin,1,4,4.3603753871419,4.3603753871419,0.4818211068279988,1
all,71,Sender_9,False,True,False,False,played,latin,1,4,4.3603753871419,4.3603753871419,0.4818211068279988,2
all,71,Sender_9,False,True,False,False,well,latin,1,6,4.023903150520687,4.023903150520687,0.4446409534990466,3
all,71,Sender_9,False,True,False,False,great,latin,1,8,3.772588722239781,3.772588722239781,0.4168707306982244,4
all,71,Sender_9,False,True,False,False,today,latin,1,9,3.667228206581955,3.667228206581955,0.405228402741801,5
all,72,Sender_2,False,True,False,False,document,latin,1,6,4.023903150520687,4.023903150520687,0.5773502691896257,1
all,72,Sender_2,False,True,False,False,everyone,latin,1,6,4.023903150520687,4.023903150520687,0.5773502691896257,2
all,72,Sender_2,False,True,False,False,sent,latin,1,6,4.023903150520687,4.023903150520687,0.5773502691896257,3
all,73,Sender_9,False,False,False,False,kal,latin,1,3,4.58351893845611,4.58351893845611,0.5306462685435712,1
all,73,Sender_9,False,False,False,False,kya,latin,1,3,4.58351893845611,4.58351893845611,0.5306462685435712,2
all,73,Sender_9,False,False,False,False,hai,latin,1,5,4.178053830347945,4.178053830347945,0.48370448657840576,3
all,73,Sender_9,False,False,False,False,practice,latin,1,7,3.8903717578961645,3.8903717578961645,0.4503987622379628,4
all,74,Sender_5,False,True,False,False,document,latin,1,6,4.023903150520687,4.023903150520687,0.5773502691896257,1
all,74,Sender_5,False,True,False,False,everyone,latin,1,6,4.023903150520687,4.023903150520687,0.5773502691896257,2
all,74,Sender_5,False,True,False,False,sent,latin,1,6,4.023903150520687,4.023903150520687,0.5773502691896257,3
all,75,Sender_11,False,False,False,False,due,latin,1,6,4.023903150520687,4.023903150520687,0.5077391779248364,1
all,75,Sender_11,False,False,False,False,fees,latin,1,6,4.023903150520687,4.023903150520687,0.5077391779248364,2
all,75,Sender_11,False,False,False,False,friday,latin,1,6,4.023903150520687,4.023903150520687,0.5077391779248364,3
all,75,Sender_11,False,False,False,False,reminder,latin,1,8,3.772588722239781,3.772588722239781,0.4760281311021796,4
all,77,Sender_8,False,False,False,False,confirm,latin,1,2,4.871201010907891,4.871201010907891,0.5316676013951347,1
all,77,Sender_8,False,False,False,False,number,latin,1,2,4.871201010907891,4.871201010907891,0.5316676013951347,2
all,77,Sender_8,False,False,False,False,players,latin,1,2,4.871201010907891,4.871201010907891,0.5316676013951347,3
all,77,Sender_8,False,False,False,False,please,latin,1,10,3.57191802677763,3.57191802677763,0.38985726218737116,4
all,78,Sender_2,False,True,False,False,anyone,latin,1,5,4.178053830347945,4.178053830347945,0.6007961717496489,1
all,78,Sender_2,False,True,False,False,lunch,latin,1,5,4.178053830347945,4.178053830347945,0.6007961717496489,2
all,78,Sender_2,False,True,False,False,today,latin,1,9,3.667228206581955,3.667228206581955,0.5273404213806607,3
all,79,Sender_1,False,True,False,False,aa,latin,1,2,4.871201010907891,4.871201010907891,0.408248290463863,1
all,79,Sender_1,False,True,False,False,ho,latin,1,2,4.871201010907891,4.871201010907891,0.408248290463863,2
all,79,Sender_1,False,True,False,False,log,latin,1,2,4.871201010907891,4.871201010907891,0.408248290463863,3
all,79,Sender_1,False,True,False,False,na,latin,1,2,4.871201010907891,4.871201010907891,0.408248290463863,4
all,79,Sender_1,False,True,False,False,rahe,latin,1,2,4.871201010907891,4.871201010907891,0.408248290463863,5
all,79,Sender_1,False,True,False,False,sab,latin,1,2,4.871201010907891,4.871201010907891,0.408248290463863,6
all,80,Sender_1,False,False,False,False,match,latin,1,4,4.3603753871419,4.3603753871419,0.7071067811865476,1
all,80,Sender_1,False,False,False,False,saturday,latin,1,4,4.3603753871419,4.3603753871419,0.7071067811865476,2
all,81,Sender_3,False,True,False,False,match,latin,1,4,4.3603753871419,4.3603753871419,0.7071067811865476,1
all,81,Sender_3,False,True,False,False,saturday,latin,1,4,4.3603753871419,4.3603753871419,0.7071067811865476,2
all,83,Sender_3,False,False,False,False,दोस्तों,devanagari,1,2,4.871201010907891,4.871201010907891,0.7071067811865475,1
all,83,Sender_3,False,False,False,False,शुक्रिया,devanagari,1,2,4.871201010907891,4.871201010907891,0.7071067811865475,2
all,84,Sender_9,False,True,False,False,late,latin,1,4,4.3603753871419,4.3603753871419,0.5300306972185882,1
all,84,Sender_9,False,True,False,False,running,latin,1,4,4.3603753871419,4.3603753871419,0.5300306972185882,2
all,84,Sender_9,False,True,False,False,soon,latin,1,4,4.3603753871419,4.3603753871419,0.5300306972185882,3
all,84,Sender_9,False,True,False,False,will,latin,1,14,3.2617630984737906,3.2617630984737906,0.3964875534212037,4
all,85,Sender_9,False,False,False,False,🙏,other,1,1,5.276666119016055,5.276666119016055,1.0,1
all,86,Sender_9,False,True,False,False,join,latin,1,10,3.57191802677763,3.57191802677763,0.5202690900218135,1
all,86,Sender_9,False,True,False,False,call,latin,1,11,3.4849066497880004,3.4849066497880004,0.5075954145375027,2
all,86,Sender_9,False,True,False,False,ok,latin,1,12,3.404863942114464,3.404863942114464,0.495936763254914,3
all,86,Sender_9,False,True,False,False,will,latin,1,14,3.2617630984737906,3.2617630984737906,0.47509335499521993,4
all,87,Sender_10,False,True,False,False,can,latin,1,4,4.3603753871419,4.3603753871419,0.5,1
all,87,Sender_10,False,True,False,False,location,latin,1,4,4.3603753871419,4.3603753871419,0.5,2
all,87,Sender_10,False,True,False,False,send,latin,1,4,4.3603753871419,4.3603753871419,0.5,3
all,87,Sender_10,False,True,False,False,someone,latin,1,4,4.3603753871419,4.3603753871419,0.5,4
all,88,Sender_11,False,True,False,False,शनिवारी,devanagari,1,3,4.58351893845611,4.58351893845611,0.6007636283763331,1
all,88,Sender_11,False,True,False,False,सामना,devanagari,1,3,4.58351893845611,4.58351893845611,0.6007636283763331,2
all,88,Sender_11,False,True,False,False,आहे,devanagari,1,6,4.023903150520687,4.023903150520687,0.5274145671482785,3
all,89,Sender_4,False,True,False,False,due,latin,1,6,4.023903150520687,4.023903150520687,0.5077391779248364,1
all,89,Sender_4,False,True,False,False,fees,latin,1,6,4.023903150520687,4.023903150520687,0.5077391779248364,2
all,89,Sender_4,False,True,False,False,friday,latin,1,6,4.023903150520687,4.023903150520687,0.5077391779248364,3
all,89,Sender_4,False,True,False,False,reminder,latin,1,8,3.772588722239781,3.772588722239781,0.4760281311021796,4
all,90,Sender_12,False,True,False,False,join,latin,1,10,3.57191802677763,3.57191802677763,0.5202690900218135,1
all,90,Sender_12,False,True,False,False,call,latin,1,11,3.4849066497880004,3.4849066497880004,0.5075954145375027,2
all,90,Sender_12,False,True,False,False,ok,latin,1,12,3.404863942114464,3.404863942114464,0.495936763254914,3
all,90,Sender_12,False,True,False,False,will,latin,1,14,3.2617630984737906,3.2617630984737906,0.47509335499521993,4
all,92,Sender_10,False,False,False,True,later,latin,1,1,5.276666119016055,5.276666119016055,0.8344416433551017,1
all,92,Sender_10,False,False,False,True,call,latin,1,11,3.4849066497880004,3.4849066497880004,0.5510963108521388,2
all,93,Sender_1,False,True,False,False,join,latin,1,10,3.57191802677763,3.57191802677763,0.5202690900218135,1
all,93,Sender_1,False,True,False,False,call,latin,1,11,3.4849066497880004,3.4849066497880004,0.5075954145375027,2
all,93,Sender_1,False,True,False,False,ok,latin,1,12,3.404863942114464,3.404863942114464,0.495936763254914,3
all,93,Sender_1,False,True,False,False,will,latin,1,14,3.2617630984737906,3.2617630984737906,0.47509335499521993,4
all,94,Sender_11,False,True,False,False,late,latin,1,4,4.3603753871419,4.3603753871419,0.5300306972185882,1
all,94,Sender_11,False,True,False,False,running,latin,1,4,4.3603753871419,4.3603753871419,0.5300306972185882,2
all,94,Sender_11,False,True,False,False,soon,latin,1,4,4.3603753871419,4.3603753871419,0.5300306972185882,3
all,94,Sender_11,False,True,False,False,will,latin,1,14,3.2617630984737906,3.2617630984737906,0.3964875534212037,4
all,95,Sender_5,False,True,False,False,meeting,latin,1,5,4.178053830347945,4.178053830347945,0.45975700187894747,1
all,95,Sender_5,False,True,False,False,starts,latin,1,5,4.178053830347945,4.178053830347945,0.45975700187894747,2
all,95,Sender_5,False,True,False,False,ten,latin,1,5,4.178053830347945,4.178053830347945,0.45975700187894747,3
all,95,Sender_5,False,True,False,False,time,latin,1,5,4.178053830347945,4.178053830347945,0.45975700187894747,4
all,95,Sender_5,False,True,False,False,please,latin,1,10,3.57191802677763,3.57191802677763,0.39305724378660933,5
all,96,Sender_7,False,True,False,False,match,latin,1,4,4.3603753871419,4.3603753871419,0.7071067811865476,1
all,96,Sender_7,False,True,False,False,saturday,latin,1,4,4.3603753871419,4.3603753871419,0.7071067811865476,2
all,97,Sender_11,False,True,False,False,bring,latin,1,2,4.871201010907891,4.871201010907891,0.5773502691896257,1
all,97,Sender_11,False,True,False,False,snacks,latin,1,2,4.871201010907891,4.871201010907891,0.5773502691896257,2
all,97,Sender_11,False,True,False,False,water,latin,1,2,4.871201010907891,4.871201010907891,0.5773502691896257,3
all,98,Sender_8,False,False,False,False,नहीं,devanagari,1,3,4.58351893845611,4.58351893845611,0.5149769871002647,1
all,98,Sender_8,False,False,False,False,प्रैक्टिस,devanagari,1,3,4.58351893845611,4.58351893845611,0.5149769871002647,2
all,98,Sender_8,False,False,False,False,होगी,devanagari,1,3,4.58351893845611,4.58351893845611,0.5149769871002647,3
all,98,Sender_8,False,False,False,False,आज,devanagari,1,6,4.023903150520687,4.023903150520687,0.45210187819937364,4
all,100,Sender_6,False,True,False,False,😀😀,other,1,3,4.58351893845611,4.58351893845611,1.0,1
all,101,Sender_12,True,False,False,False,cards,latin,1,2,4.871201010907891,4.871201010907891,0.5270608810313544,1
all,101,Sender_12,True,False,False,False,carry,latin,1,2,4.871201010907891,4.871201010907891,0.5270608810313544,2
all,101,Sender_12,True,False,False,False,id,latin,1,2,4.871201010907891,4.871201010907891,0.5270608810313544,3
all,101,Sender_12,True,False,False,False,reminder,latin,1,8,3.772588722239781,3.772588722239781,0.40819172340869114,4
all,102,Sender_9,False,True,False,False,आना,devanagari,1,3,4.58351893845611,4.58351893845611,0.44721359549995787,1
all,102,Sender_9,False,True,False,False,पर,devanagari,1,3,4.58351893845611,4.58351893845611,0.44721359549995787,2
all,102,Sender_9,False,True,False,False,लोग,devanagari,1,3,4.58351893845611,4.58351893845611,0.44721359549995787,3
all,102,Sender_9,False,True,False,False,सब,devanagari,1,3,4.58351893845611,4.58351893845611,0.44721359549995787,4
all,102,Sender_9,False,True,False,False,समय,devanagari,1,3,4.58351893845611,4.58351893845611,0.44721359549995787,5
all,103,Sender_4,False,True,False,False,bringing,latin,1,5,4.178053830347945,4.178053830347945,0.7071067811865475,1
all,103,Sender_4,False,True,False,False,equipment,latin,1,5,4.178053830347945,4.178053830347945,0.7071067811865475,2
all,105,Sender_6,False,True,False,False,join,latin,1,10,3.57191802677763,3.57191802677763,0.5202690900218135,1
all,105,Sender_6,False,True,False,False,call,latin,1,11,3.4849066497880004,3.4849066497880004,0.5075954145375027,2
all,105,Sender_6,False,True,False,False,ok,latin,1,12,3.404863942114464,3.404863942114464,0.495936763254914,3
all,105,Sender_6,False,True,False,False,will,latin,1,14,3.2617630984737906,3.2617630984737906,0.47509335499521993,4
all,106,Sender_5,False,True,False,False,join,latin,1,10,3.57191802677763,3.57191802677763,0.5202690900218135,1
all,106,Sender_5,False,True,False,False,call,latin,1,11,3.4849066497880004,3.4849066497880004,0.5075954145375027,2
all,106,Sender_5,False,True,False,False,ok,latin,1,12,3.404863942114464,3.404863942114464,0.495936763254914,3
all,106,Sender_5,False,True,False,False,will,latin,1,14,3.2617630984737906,3.2617630984737906,0.47509335499521993,4
all,107,Sender_10,False,True,False,False,ठीक,devanagari,1,2,4.871201010907891,4.871201010907891,0.6543557504007365,1
all,107,Sender_10,False,True,False,False,hai,latin,1,5,4.178053830347945,4.178053830347945,0.5612442482357041,2
all,107,Sender_10,False,True,False,False,see,latin,1,8,3.772588722239781,3.772588722239781,0.5067775110833435,3
all,108,Sender_10,False,True,False,False,उद्या,devanagari,1,4,4.3603753871419,4.3603753871419,0.7071067811865476,1
all,108,Sender_10,False,True,False,False,भेटू,devanagari,1,4,4.3603753871419,4.3603753871419,0.7071067811865476,2
all,109,Sender_5,False,False,False,False,सराव,devanagari,1,3,4.58351893845611,4.58351893845611,0.6272778661791171,1
all,109,Sender_5,False,False,False,False,आज,devanagari,1,6,4.023903150520687,4.023903150520687,0.5506916008991665,2
all,109,Sender_5,False,False,False,False,आहे,devanagari,1,6,4.023903150520687,4.023903150520687,0.5506916008991665,3
all,111,Sender_8,False,True,False,False,कल,devanagari,1,7,3.8903717578961645,3.8903717578961645,0.5773502691896257,1
all,111,Sender_8,False,True,False,False,मैच,devanagari,1,7,3.8903717578961645,3.8903717578961645,0.5773502691896257,2
all,111,Sender_8,False,True,False,False,है,devanagari,1,7,3.8903717578961645,3.8903717578961645,0.5773502691896257,3
all,112,Sender_1,False,True,True,False,details,latin,1,9,3.667228206581955,3.667228206581955,1.0,1
all,113,Sender_4,False,True,False,False,confirm,latin,1,2,4.871201010907891,4.871201010907891,0.5316676013951347,1
all,113,Sender_4,False,True,False,False,number,latin,1,2,4.871201010907891,4.871201010907891,0.5316676013951347,2
all,113,Sender_4,False,True,False,False,players,latin,1,2,4.871201010907891,4.871201010907891,0.5316676013951347,3
all,113,Sender_4,False,True,False,False,please,latin,1,10,3.57191802677763,3.57191802677763,0.38985726218737116,4
all,116,Sender_10,False,True,True,False,details,latin,1,9,3.667228206581955,3.667228206581955,1.0,1
all,117,Sender_8,False,True,False,False,सराव,devanagari,1,3,4.58351893845611,4.58351893845611,0.6272778661791171,1
all,117,Sender_8,False,True,False,False,आज,devanagari,1,6,4.023903150520687,4.023903150520687,0.5506916008991665,2
all,117,Sender_8,False,True,False,False,आहे,devanagari,1,6,4.023903150520687,4.023903150520687,0.5506916008991665,3
all,118,Sender_3,False,True,False,False,😀😀,other,1,3,4.58351893845611,4.58351893845611,1.0,1
all,119,Sender_10,False,True,False,False,कल,devanagari,1,7,3.8903717578961645,3.8903717578961645,0.5773502691896257,1
all,119,Sender_10,False,True,False,False,मैच,devanagari,1,7,3.8903717578961645,3.8903717578961645,0.5773502691896257,2
all,119,Sender_10,False,True,False,False,है,devanagari,1,7,3.8903717578961645,3.8903717578961645,0.5773502691896257,3
all,120,Sender_10,False,True,False,False,can,latin,1,4,4.3603753871419,4.3603753871419,0.5,1
all,120,Sender_10,False,True,False,False,location,latin,1,4,4.3603753871419,4.3603753871419,0.5,2
all,120,Sender_10,False,True,False,False,send,latin,1,4,4.3603753871419,4.3603753871419,0.5,3
all,120,Sender_10,False,True,False,False,someone,latin,1,4,4.3603753871419,4.3603753871419,0.5,4
all,121,Sender_3,False,True,True,False,details,latin,1,9,3.667228206581955,3.667228206581955,1.0,1
all,122,Sender_2,False,False,False,False,next,latin,1,1,5.276666119016055,5.276666119016055,0.4914087809137925,1
all,122,Sender_2,False,False,False,False,share,latin,1,1,5.276666119016055,5.276666119016055,0.4914087809137925,2
all,122,Sender_2,False,False,False,False,week,latin,1,1,5.276666119016055,5.276666119016055,0.4914087809137925,3
all,122,Sender_2,False,False,False,False,schedule,latin,1,4,4.3603753871419,4.3603753871419,0.40607586400055634,4
all,122,Sender_2,False,False,False,False,please,latin,1,10,3.57191802677763,3.57191802677763,0.33264789612841783,5
all,123,Sender_9,False,False,False,False,birthday,latin,1,4,4.3603753871419,4.3603753871419,0.516496416290218,1
all,123,Sender_9,False,False,False,False,day,latin,1,4,4.3603753871419,4.3603753871419,0.516496416290218,2
all,123,Sender_9,False,False,False,False,happy,latin,1,4,4.3603753871419,4.3603753871419,0.516496416290218,3
all,123,Sender_9,False,False,False,False,great,latin,1,8,3.772588722239781,3.772588722239781,0.446871744327257,4
all,124,Sender_5,False,True,False,False,कल,devanagari,1,7,3.8903717578961645,3.8903717578961645,0.5773502691896257,1
all,124,Sender_5,False,True,False,False,मैच,devanagari,1,7,3.8903717578961645,3.8903717578961645,0.5773502691896257,2
all,124,Sender_5,False,True,False,False,है,devanagari,1,7,3.8903717578961645,3.8903717578961645,0.5773502691896257,3
all,125,Sender_4,False,True,False,False,birthday,latin,1,4,4.3603753871419,4.3603753871419,0.516496416290218,1
all,125,Sender_4,False,True,False,False,day,latin,1,4,4.3603753871419,4.3603753871419,0.516496416290218,2
all,125,Sender_4,False,True,False,False,happy,latin,1,4,4.3603753871419,4.3603753871419,0.516496416290218,3
all,125,Sender_4,False,True,False,False,great,latin,1,8,3.772588722239781,3.772588722239781,0.446871744327257,4
all,126,Sender_8,False,True,False,False,शनिवारी,devanagari,1,3,4.58351893845611,4.58351893845611,0.6007636283763331,1
all,126,Sender_8,False,True,False,False,सामना,devanagari,1,3,4.58351893845611,4.58351893845611,0.6007636283763331,2
all,126,Sender_8,False,True,False,False,आहे,devanagari,1,6,4.023903150520687,4.023903150520687,0.5274145671482785,3
all,127,Sender_11,False,True,False,False,bringing,latin,1,5,4.178053830347945,4.178053830347945,0.7071067811865475,1
all,127,Sender_11,False,True,False,False,equipment,latin,1,5,4.178053830347945,4.178053830347945,0.7071067811865475,2
all,128,Sender_3,False,True,False,False,document,latin,1,6,4.023903150520687,4.023903150520687,0.5773502691896257,1
all,128,Sender_3,False,True,False,False,everyone,latin,1,6,4.023903150520687,4.023903150520687,0.5773502691896257,2
all,128,Sender_3,False,True,False,False,sent,latin,1,6,4.023903150520687,4.023903150520687,0.5773502691896257,3
all,129,Sender_3,False,True,False,False,या,devanagari,1,3,4.58351893845611,4.58351893845611,0.7071067811865476,1
all,129,Sender_3,False,True,False,False,वेळेत,devanagari,1,3,4.58351893845611,4.58351893845611,0.7071067811865476,2
all,130,Sender_1,False,True,False,False,kal,latin,1,3,4.58351893845611,4.58351893845611,0.5306462685435712,1
all,130,Sender_1,False,True,False,False,kya,latin,1,3,4.58351893845611,4.58351893845611,0.5306462685435712,2
all,130,Sender_1,False,True,False,False,hai,latin,1,5,4.178053830347945,4.178053830347945,0.48370448657840576,3
all,130,Sender_1,False,True,False,False,practice,latin,1,7,3.8903717578961645,3.8903717578961645,0.4503987622379628,4
all,131,Sender_11,False,True,False,False,bringing,latin,1,5,4.178053830347945,4.178053830347945,0.7071067811865475,1
all,131,Sender_11,False,True,False,False,equipment,latin,1,5,4.178053830347945,4.178053830347945,0.7071067811865475,2
all,132,Sender_11,True,True,False,False,cards,latin,1,2,4.871201010907891,4.871201010907891,0.5270608810313544,1
all,132,Sender_11,True,True,False,False,carry,latin,1,2,4.871201010907891,4.871201010907891,0.5270608810313544,2
all,132,Sender_11,True,True,False,False,id,latin,1,2,4.871201010907891,4.871201010907891,0.5270608810313544,3
all,132,Sender_11,True,True,False,False,reminder,latin,1,8,3.772588722239781,3.772588722239781,0.40819172340869114,4
all,133,Sender_2,False,True,False,False,due,latin,1,6,4.023903150520687,4.023903150520687,0.5077391779248364,1
all,133,Sender_2,False,True,False,False,fees,latin,1,6,4.023903150520687,4.023903150520687,0.5077391779248364,2
all,133,Sender_2,False,True,False,False,friday,latin,1,6,4.023903150520687,4.023903150520687,0.5077391779248364,3
all,133,Sender_2,False,True,False,False,reminder,latin,1,8,3.772588722239781,3.772588722239781,0.4760281311021796,4
all,134,Sender_2,False,True,False,False,five,latin,1,6,4.023903150520687,4.023903150520687,0.5893590125993108,1
all,134,Sender_2,False,True,False,False,ground,latin,1,6,4.023903150520687,4.023903150520687,0.5893590125993108,2
all,134,Sender_2,False,True,False,False,see,latin,1,8,3.772588722239781,3.772588722239781,0.5525503674199581,3
all,135,Sender_10,False,False,False,False,line,latin,4,1,5.276666119016055,21.10666447606422,0.8728715609439696,1
all,135,Sender_10,False,False,False,False,blank,latin,1,1,5.276666119016055,5.276666119016055,0.2182178902359924,2
all,135,Sender_10,False,False,False,False,first,latin,1,1,5.276666119016055,5.276666119016055,0.2182178902359924,3
all,135,Sender_10,False,False,False,False,last,latin,1,1,5.276666119016055,5.276666119016055,0.2182178902359924,4
all,135,Sender_10,False,False,False,False,note,latin,1,1,5.276666119016055,5.276666119016055,0.2182178902359924,5
all,135,Sender_10,False,False,False,False,second,latin,1,1,5.276666119016055,5.276666119016055,0.2182178902359924,6
all,139,Sender_5,False,True,True,False,details,latin,1,9,3.667228206581955,3.667228206581955,1.0,1
all,140,Sender_4,False,True,False,False,due,latin,1,6,4.023903150520687,4.023903150520687,0.5077391779248364,1
all,140,Sender_4,False,True,False,False,fees,latin,1,6,4.023903150520687,4.023903150520687,0.5077391779248364,2
all,140,Sender_4,False,True,False,False,friday,latin,1,6,4.023903150520687,4.023903150520687,0.5077391779248364,3
all,140,Sender_4,False,True,False,False,reminder,latin,1,8,3.772588722239781,3.772588722239781,0.4760281311021796,4
all,141,Sender_4,False,True,False,False,kal,latin,1,3,4.58351893845611,4.58351893845611,0.5306462685435712,1
all,141,Sender_4,False,True,False,False,kya,latin,1,3,4.58351893845611,4.58351893845611,0.5306462685435712,2
all,141,Sender_4,False,True,False,False,hai,latin,1,5,4.178053830347945,4.178053830347945,0.48370448657840576,3
all,141,Sender_4,False,True,False,False,practice,latin,1,7,3.8903717578961645,3.8903717578961645,0.4503987622379628,4
all,142,Sender_2,False,True,False,False,can,latin,1,4,4.3603753871419,4.3603753871419,0.5,1
all,142,Sender_2,False,True,False,False,location,latin,1,4,4.3603753871419,4.3603753871419,0.5,2
all,142,Sender_2,False,True,False,False,send,latin,1,4,4.3603753871419,4.3603753871419,0.5,3
all,142,Sender_2,False,True,False,False,someone,latin,1,4,4.3603753871419,4.3603753871419,0.5,4
all,143,Sender_10,False,True,False,False,anyone,latin,1,5,4.178053830347945,4.178053830347945,0.6007961717496489,1
all,143,Sender_10,False,True,False,False,lunch,latin,1,5,4.178053830347945,4.178053830347945,0.6007961717496489,2
all,143,Sender_10,False,True,False,False,today,latin,1,9,3.667228206581955,3.667228206581955,0.5273404213806607,3
all,144,Sender_2,False,True,False,False,उद्या,devanagari,1,4,4.3603753871419,4.3603753871419,0.7071067811865476,1
all,144,Sender_2,False,True,False,False,भेटू,devanagari,1,4,4.3603753871419,4.3603753871419,0.7071067811865476,2
all,145,Sender_9,False,True,False,False,join,latin,1,10,3.57191802677763,3.57191802677763,0.5202690900218135,1
all,145,Sender_9,False,True,False,False,call,latin,1,11,3.4849066497880004,3.4849066497880004,0.5075954145375027,2
all,145,Sender_9,False,True,False,False,ok,latin,1,12,3.404863942114464,3.404863942114464,0.495936763254914,3
all,145,Sender_9,False,True,False,False,will,latin,1,14,3.2617630984737906,3.2617630984737906,0.47509335499521993,4
all,146,Sender_5,False,True,False,False,नहीं,devanagari,1,3,4.58351893845611,4.58351893845611,0.5149769871002647,1
all,146,Sender_5,False,True,False,False,प्रैक्टिस,devanagari,1,3,4.58351893845611,4.58351893845611,0.5149769871002647,2
all,146,Sender_5,False,True,False,False,होगी,devanagari,1,3,4.58351893845611,4.58351893845611,0.5149769871002647,3
all,146,Sender_5,False,True,False,False,आज,devanagari,1,6,4.023903150520687,4.023903150520687,0.45210187819937364,4
all,147,Sender_1,False,True,False,False,due,latin,1,6,4.023903150520687,4.023903150520687,0.5077391779248364,1
all,147,Sender_1,False,True,False,False,fees,latin,1,6,4.023903150520687,4.023903150520687,0.5077391779248364,2
all,147,Sender_1,False,True,False,False,friday,latin,1,6,4.023903150520687,4.023903150520687,0.5077391779248364,3
all,147,Sender_1,False,True,False,False,reminder,latin,1,8,3.772588722239781,3.772588722239781,0.4760281311021796,4
all,148,Sender_11,False,True,False,False,सराव,devanagari,1,3,4.58351893845611,4.58351893845611,0.6272778661791171,1
all,148,Sender_11,False,True,False,False,आज,devanagari,1,6,4.023903150520687,4.023903150520687,0.5506916008991665,2
all,148,Sender_11,False,True,False,False,आहे,devanagari,1,6,4.023903150520687,4.023903150520687,0.5506916008991665,3
all,149,Sender_1,False,True,False,False,document,latin,1,6,4.023903150520687,4.023903150520687,0.5773502691896257,1
all,149,Sender_1,False,True,False,False,everyone,latin,1,6,4.023903150520687,4.023903150520687,0.5773502691896257,2
all,149,Sender_1,False,True,False,False,sent,latin,1,6,4.023903150520687,4.023903150520687,0.5773502691896257,3
all,150,Sender_6,False,True,False,False,due,latin,1,6,4.023903150520687,4.023903150520687,0.5077391779248364,1
all,150,Sender_6,False,True,False,False,fees,latin,1,6,4.023903150520687,4.023903150520687,0.5077391779248364,2
all,150,Sender_6,False,True,False,False,friday,latin,1,6,4.023903150520687,4.023903150520687,0.5077391779248364,3
all,150,Sender_6,False,True,False,False,reminder,latin,1,8,3.772588722239781,3.772588722239781,0.4760281311021796,4
all,151,Sender_4,False,True,False,False,anyone,latin,1,5,4.178053830347945,4.178053830347945,0.6007961717496489,1
all,151,Sender_4,False,True,False,False,lunch,latin,1,5,4.178053830347945,4.178053830347945,0.6007961717496489,2
all,151,Sender_4,False,True,False,False,today,latin,1,9,3.667228206581955,3.667228206581955,0.5273404213806607,3
all,152,Sender_11,False,True,False,False,game,latin,1,4,4.3603753871419,4.3603753871419,0.4818211068279988,1
all,152,Sender_11,False,True,False,False,played,latin,1,4,4.3603753871419,4.3603753871419,0.4818211068279988,2
all,152,Sender_11,False,True,False,False,well,latin,1,6,4.023903150520687,4.023903150520687,0.4446409534990466,3
all,152,Sender_11,False,True,False,False,great,latin,1,8,3.772588722239781,3.772588722239781,0.4168707306982244,4
all,152,Sender_11,False,True,False,False,today,latin,1,9,3.667228206581955,3.667228206581955,0.405228402741801,5
all,153,Sender_4,False,True,False,False,दोस्तों,devanagari,1,2,4.871201010907891,4.871201010907891,0.7071067811865475,1
all,153,Sender_4,False,True,False,False,शुक्रिया,devanagari,1,2,4.871201010907891,4.871201010907891,0.7071067811865475,2
all,154,Sender_1,False,True,False,False,कल,devanagari,1,7,3.8903717578961645,3.8903717578961645,0.5773502691896257,1
all,154,Sender_1,False,True,False,False,मैच,devanagari,1,7,3.8903717578961645,3.8903717578961645,0.5773502691896257,2
all,154,Sender_1,False,True,False,False,है,devanagari,1,7,3.8903717578961645,3.8903717578961645,0.5773502691896257,3
all,155,Sender_4,False,True,False,False,late,latin,1,4,4.3603753871419,4.3603753871419,0.5300306972185882,1
all,155,Sender_4,False,True,False,False,running,latin,1,4,4.3603753871419,4.3603753871419,0.5300306972185882,2
all,155,Sender_4,False,True,False,False,soon,latin,1,4,4.3603753871419,4.3603753871419,0.5300306972185882,3
all,155,Sender_4,False,True,False,False,will,latin,1,14,3.2617630984737906,3.2617630984737906,0.3964875534212037,4
all,157,Sender_2,True,True,False,False,monday,latin,1,3,4.58351893845611,4.58351893845611,0.4649694606044778,1
all,157,Sender_2,True,True,False,False,thursday,latin,1,3,4.58351893845611,4.58351893845611,0.4649694606044778,2
all,157,Sender_2,True,True,False,False,weekly,latin,1,3,4.58351893845611,4.58351893845611,0.4649694606044778,3
all,157,Sender_2,True,True,False,False,schedule,latin,1,4,4.3603753871419,4.3603753871419,0.44233293655274475,4
all,157,Sender_2,True,True,False,False,practice,latin,1,7,3.8903717578961645,3.8903717578961645,0.3946539944763872,5
all,159,Sender_6,False,True,False,False,नहीं,devanagari,1,3,4.58351893845611,4.58351893845611,0.5149769871002647,1
all,159,Sender_6,False,True,False,False,प्रैक्टिस,devanagari,1,3,4.58351893845611,4.58351893845611,0.5149769871002647,2
all,159,Sender_6,False,True,False,False,होगी,devanagari,1,3,4.58351893845611,4.58351893845611,0.5149769871002647,3
all,159,Sender_6,False,True,False,False,आज,devanagari,1,6,4.023903150520687,4.023903150520687,0.45210187819937364,4
all,161,Sender_11,False,True,False,False,mala,latin,1,2,4.871201010907891,4.871201010907891,0.6277414870084002,1
all,161,Sender_11,False,True,False,False,sangaa,latin,1,2,4.871201010907891,4.871201010907891,0.6277414870084002,2
all,161,Sender_11,False,True,False,False,please,latin,1,10,3.57191802677763,3.57191802677763,0.4603056060672792,3
all,162,Sender_6,False,True,False,False,आना,devanagari,1,3,4.58351893845611,4.58351893845611,0.44721359549995787,1
all,162,Sender_6,False,True,False,False,पर,devanagari,1,3,4.58351893845611,4.58351893845611,0.44721359549995787,2
all,162,Sender_6,False,True,False,False,लोग,devanagari,1,3,4.58351893845611,4.58351893845611,0.44721359549995787,3
all,162,Sender_6,False,True,False,False,सब,devanagari,1,3,4.58351893845611,4.58351893845611,0.44721359549995787,4
all,162,Sender_6,False,True,False,False,समय,devanagari,1,3,4.58351893845611,4.58351893845611,0.44721359549995787,5
all,164,Sender_11,False,True,False,False,birthday,latin,1,4,4.3603753871419,4.3603753871419,0.516496416290218,1
all,164,Sender_11,False,True,False,False,day,latin,1,4,4.3603753871419,4.3603753871419,0.516496416290218,2
all,164,Sender_11,False,True,False,False,happy,latin,1,4,4.3603753871419,4.3603753871419,0.516496416290218,3
all,164,Sender_11,False,True,False,False,great,latin,1,8,3.772588722239781,3.772588722239781,0.446871744327257,4
all,165,Sender_10,False,True,False,False,birthday,latin,1,4,4.3603753871419,4.3603753871419,0.516496416290218,1
all,165,Sender_10,False,True,False,False,day,latin,1,4,4.3603753871419,4.3603753871419,0.516496416290218,2
all,165,Sender_10,False,True,False,False,happy,latin,1,4,4.3603753871419,4.3603753871419,0.516496416290218,3
all,165,Sender_10,False,True,False,False,great,latin,1,8,3.772588722239781,3.772588722239781,0.446871744327257,4
all,166,Sender_12,False,True,False,False,reached,latin,1,2,4.871201010907891,4.871201010907891,0.7071067811865475,1
all,166,Sender_12,False,True,False,False,venue,latin,1,2,4.871201010907891,4.871201010907891,0.7071067811865475,2
all,168,Sender_5,False,True,False,False,match,latin,1,4,4.3603753871419,4.3603753871419,0.7071067811865476,1
all,168,Sender_5,False,True,False,False,saturday,latin,1,4,4.3603753871419,4.3603753871419,0.7071067811865476,2
all,169,Sender_7,False,True,False,False,meeting,latin,1,5,4.178053830347945,4.178053830347945,0.45975700187894747,1
all,169,Sender_7,False,True,False,False,starts,latin,1,5,4.178053830347945,4.178053830347945,0.45975700187894747,2
all,169,Sender_7,False,True,False,False,ten,latin,1,5,4.178053830347945,4.178053830347945,0.45975700187894747,3
all,169,Sender_7,False,True,False,False,time,latin,1,5,4.178053830347945,4.178053830347945,0.45975700187894747,4
all,169,Sender_7,False,True,False,False,please,latin,1,10,3.57191802677763,3.57191802677763,0.39305724378660933,5
all,171,Sender_4,False,True,False,False,❤️,other,1,5,4.178053830347945,4.178053830347945,1.0,1
unique,5,Sender_1,False,False,False,False,या,devanagari,1,1,4.113515309210374,4.113515309210374,0.7071067811865476,1
unique,5,Sender_1,False,False,False,False,वेळेत,devanagari,1,1,4.113515309210374,4.113515309210374,0.7071067811865476,2
unique,7,Sender_2,False,False,False,False,ahat,latin,1,1,4.113515309210374,4.113515309210374,0.4649827292511326,1
unique,7,Sender_2,False,False,False,False,ka,latin,1,1,4.113515309210374,4.113515309210374,0.4649827292511326,2
unique,7,Sender_2,False,False,False,False,ready,latin,1,1,4.113515309210374,4.113515309210374,0.4649827292511326,3
unique,7,Sender_2,False,False,False,False,ok,latin,1,2,3.70805020110221,3.70805020110221,0.41914984462272203,4
unique,7,Sender_2,False,False,False,False,tumhi,latin,1,2,3.70805020110221,3.70805020110221,0.41914984462272203,5
unique,8,Sender_3,False,False,False,False,five,latin,1,1,4.113515309210374,4.113515309210374,0.5962765426444667,1
unique,8,Sender_3,False,False,False,False,ground,latin,1,1,4.113515309210374,4.113515309210374,0.5962765426444667,2
unique,8,Sender_3,False,False,False,False,see,latin,1,2,3.70805020110221,3.70805020110221,0.5375021575621098,3
unique,9,Sender_3,False,False,True,False,details,latin,1,1,4.113515309210374,4.113515309210374,1.0,1
unique,10,Sender_4,False,False,False,False,document,latin,1,1,4.113515309210374,4.113515309210374,0.5773502691896257,1
unique,10,Sender_4,False,False,False,False,everyone,latin,1,1,4.113515309210374,4.113515309210374,0.5773502691896257,2
unique,10,Sender_4,False,False,False,False,sent,latin,1,1,4.113515309210374,4.113515309210374,0.5773502691896257,3
unique,11,Sender_3,False,False,False,False,bringing,latin,1,1,4.113515309210374,4.113515309210374,0.7071067811865476,1
unique,11,Sender_3,False,False,False,False,equipment,latin,1,1,4.113515309210374,4.113515309210374,0.7071067811865476,2
unique,12,Sender_5,False,False,False,False,mala,latin,1,1,4.113515309210374,4.113515309210374,0.6196834114558119,1
unique,12,Sender_5,False,False,False,False,sangaa,latin,1,1,4.113515309210374,4.113515309210374,0.6196834114558119,2
unique,12,Sender_5,False,False,False,False,please,latin,1,4,3.1972245773362196,3.1972245773362196,0.4816481486863353,3
unique,13,Sender_6,False,False,False,False,done,latin,1,1,4.113515309210374,4.113515309210374,0.5962765426444667,1
unique,13,Sender_6,False,False,False,False,🎉,other,1,1,4.113515309210374,4.113515309210374,0.5962765426444667,2
unique,13,Sender_6,False,False,False,False,well,latin,1,2,3.70805020110221,3.70805020110221,0.5375021575621098,3
unique,14,Sender_7,False,False,False,False,aa,latin,1,1,4.113515309210374,4.113515309210374,0.408248290463863,1
unique,14,Sender_7,False,False,False,False,ho,latin,1,1,4.113515309210374,4.113515309210374,0.408248290463863,2
unique,14,Sender_7,False,False,False,False,log,latin,1,1,4.113515309210374,4.113515309210374,0.408248290463863,3
unique,14,Sender_7,False,False,False,False,na,latin,1,1,4.113515309210374,4.113515309210374,0.408248290463863,4
unique,14,Sender_7,False,False,False,False,rahe,latin,1,1,4.113515309210374,4.113515309210374,0.408248290463863,5
unique,14,Sender_7,False,False,False,False,sab,latin,1,1,4.113515309210374,4.113515309210374,0.408248290463863,6
unique,15,Sender_7,False,False,False,False,bring,latin,1,1,4.113515309210374,4.113515309210374,0.5773502691896257,1
unique,15,Sender_7,False,False,False,False,snacks,latin,1,1,4.113515309210374,4.113515309210374,0.5773502691896257,2
unique,15,Sender_7,False,False,False,False,water,latin,1,1,4.113515309210374,4.113515309210374,0.5773502691896257,3
unique,17,Sender_6,False,False,False,False,❤️,other,1,1,4.113515309210374,4.113515309210374,1.0,1
unique,18,Sender_9,False,False,False,False,ठीक,devanagari,1,1,4.113515309210374,4.113515309210374,0.6171950982160569,1
unique,18,Sender_9,False,False,False,False,hai,latin,1,2,3.70805020110221,3.70805020110221,0.5563587919400896,2
unique,18,Sender_9,False,False,False,False,see,latin,1,2,3.70805020110221,3.70805020110221,0.5563587919400896,3
unique,19,Sender_3,False,False,False,False,join,latin,1,1,4.113515309210374,4.113515309210374,0.5393415707000417,1
unique,19,Sender_3,False,False,False,False,call,latin,1,2,3.70805020110221,3.70805020110221,0.486179209110801,2
unique,19,Sender_3,False,False,False,False,ok,latin,1,2,3.70805020110221,3.70805020110221,0.486179209110801,3
unique,19,Sender_3,False,False,False,False,will,latin,1,2,3.70805020110221,3.70805020110221,0.486179209110801,4
unique,21,Sender_5,False,False,False,False,कल,devanagari,1,1,4.113515309210374,4.113515309210374,0.5773502691896257,1
unique,21,Sender_5,False,False,False,False,मैच,devanagari,1,1,4.113515309210374,4.113515309210374,0.5773502691896257,2
unique,21,Sender_5,False,False,False,False,है,devanagari,1,1,4.113515309210374,4.113515309210374,0.5773502691896257,3
unique,22,Sender_9,False,False,False,False,can,latin,1,1,4.113515309210374,4.113515309210374,0.5,1
unique,22,Sender_9,False,False,False,False,location,latin,1,1,4.113515309210374,4.113515309210374,0.5,2
unique,22,Sender_9,False,False,False,False,send,latin,1,1,4.113515309210374,4.113515309210374,0.5,3
unique,22,Sender_9,False,False,False,False,someone,latin,1,1,4.113515309210374,4.113515309210374,0.5,4
unique,23,Sender_10,False,False,False,False,आना,devanagari,1,1,4.113515309210374,4.113515309210374,0.447213595499958,1
unique,23,Sender_10,False,False,False,False,पर,devanagari,1,1,4.113515309210374,4.113515309210374,0.447213595499958,2
unique,23,Sender_10,False,False,False,False,लोग,devanagari,1,1,4.113515309210374,4.113515309210374,0.447213595499958,3
unique,23,Sender_10,False,False,False,False,सब,devanagari,1,1,4.113515309210374,4.113515309210374,0.447213595499958,4
unique,23,Sender_10,False,False,False,False,समय,devanagari,1,1,4.113515309210374,4.113515309210374,0.447213595499958,5
unique,25,Sender_6,False,False,False,False,kadhi,latin,1,1,4.113515309210374,4.113515309210374,0.5962765426444667,1
unique,25,Sender_6,False,False,False,False,yenar,latin,1,1,4.113515309210374,4.113515309210374,0.5962765426444667,2
unique,25,Sender_6,False,False,False,False,tumhi,latin,1,2,3.70805020110221,3.70805020110221,0.5375021575621098,3
unique,28,Sender_3,True,False,False,False,monday,latin,1,1,4.113515309210374,4.113515309210374,0.4711971315901721,1
unique,28,Sender_3,True,False,False,False,thursday,latin,1,1,4.113515309210374,4.113515309210374,0.4711971315901721,2
unique,28,Sender_3,True,False,False,False,weekly,latin,1,1,4.113515309210374,4.113515309210374,0.4711971315901721,3
unique,28,Sender_3,True,False,False,False,schedule,latin,1,2,3.70805020110221,3.70805020110221,0.4247516995110241,4
unique,28,Sender_3,True,False,False,False,practice,latin,1,3,3.4203681286504293,3.4203681286504293,0.3917981410191715,5
unique,29,Sender_7,False,False,False,False,anyone,latin,1,1,4.113515309210374,4.113515309210374,0.5962765426444667,1
unique,29,Sender_7,False,False,False,False,lunch,latin,1,1,4.113515309210374,4.113515309210374,0.5962765426444667,2
unique,29,Sender_7,False,False,False,False,today,latin,1,2,3.70805020110221,3.70805020110221,0.5375021575621098,3
unique,31,Sender_2,False,False,False,False,उद्या,devanagari,1,1,4.113515309210374,4.113515309210374,0.7071067811865476,1
unique,31,Sender_2,False,False,False,False,भेटू,devanagari,1,1,4.113515309210374,4.113515309210374,0.7071067811865476,2
unique,32,Sender_2,False,False,False,False,👍,other,1,1,4.113515309210374,4.113515309210374,1.0,1
unique,34,Sender_10,False,False,False,False,cancelled,latin,1,1,4.113515309210374,4.113515309210374,0.6095539483710285,1
unique,34,Sender_10,False,False,False,False,tomorrow,latin,1,1,4.113515309210374,4.113515309210374,0.6095539483710285,2
unique,34,Sender_10,False,False,False,False,practice,latin,1,3,3.4203681286504293,3.4203681286504293,0.5068411664916131,3
unique,40,Sender_11,False,False,False,False,शनिवारी,devanagari,1,1,4.113515309210374,4.113515309210374,0.5962765426444666,1
unique,40,Sender_11,False,False,False,False,सामना,devanagari,1,1,4.113515309210374,4.113515309210374,0.5962765426444666,2
unique,40,Sender_11,False,False,False,False,आहे,devanagari,1,2,3.70805020110221,3.70805020110221,0.5375021575621097,3
unique,42,Sender_1,False,False,False,False,meeting,latin,1,1,4.113515309210374,4.113515309210374,0.4660439670446517,1
unique,42,Sender_1,False,False,False,False,starts,latin,1,1,4.113515309210374,4.113515309210374,0.4660439670446517,2
unique,42,Sender_1,False,False,False,False,ten,latin,1,1,4.113515309210374,4.113515309210374,0.4660439670446517,3
unique,42,Sender_1,False,False,False,False,time,latin,1,1,4.113515309210374,4.113515309210374,0.4660439670446517,4
unique,42,Sender_1,False,False,False,False,please,latin,1,4,3.1972245773362196,3.1972245773362196,0.3622320846158366,5
unique,44,Sender_12,False,False,False,False,good,latin,1,1,4.113515309210374,4.113515309210374,0.5773502691896257,1
unique,44,Sender_12,False,False,False,False,morning,latin,1,1,4.113515309210374,4.113515309210374,0.5773502691896257,2
unique,44,Sender_12,False,False,False,False,team,latin,1,1,4.113515309210374,4.113515309210374,0.5773502691896257,3
unique,48,Sender_6,False,False,False,False,late,latin,1,1,4.113515309210374,4.113515309210374,0.5121422915377565,1
unique,48,Sender_6,False,False,False,False,running,latin,1,1,4.113515309210374,4.113515309210374,0.5121422915377565,2
unique,48,Sender_6,False,False,False,False,soon,latin,1,1,4.113515309210374,4.113515309210374,0.5121422915377565,3
unique,48,Sender_6,False,False,False,False,will,latin,1,2,3.70805020110221,3.70805020110221,0.4616609358126016,4
unique,49,Sender_9,False,False,False,False,game,latin,1,1,4.113515309210374,4.113515309210374,0.4747001730694489,1
unique,49,Sender_9,False,False,False,False,played,latin,1,1,4.113515309210374,4.113515309210374,0.4747001730694489,2
unique,49,Sender_9,False,False,False,False,great,latin,1,2,3.70805020110221,3.70805020110221,0.4279094496797466,3
unique,49,Sender_9,False,False,False,False,today,latin,1,2,3.70805020110221,3.70805020110221,0.4279094496797466,4
unique,49,Sender_9,False,False,False,False,well,latin,1,2,3.70805020110221,3.70805020110221,0.4279094496797466,5
unique,55,Sender_1,False,False,False,False,😀😀,other,1,1,4.113515309210374,4.113515309210374,1.0,1
unique,58,Sender_9,False,False,False,False,reached,latin,1,1,4.113515309210374,4.113515309210374,0.7071067811865476,1
unique,58,Sender_9,False,False,False,False,venue,latin,1,1,4.113515309210374,4.113515309210374,0.7071067811865476,2
unique,65,Sender_3,False,False,False,False,lot,latin,1,1,4.113515309210374,4.113515309210374,0.5773502691896257,1
unique,65,Sender_3,False,False,False,False,thanks,latin,1,1,4.113515309210374,4.113515309210374,0.5773502691896257,2
unique,65,Sender_3,False,False,False,False,update,latin,1,1,4.113515309210374,4.113515309210374,0.5773502691896257,3
unique,69,Sender_9,False,False,False,False,booking,latin,1,1,4.113515309210374,4.113515309210374,0.5773502691896257,1
unique,69,Sender_9,False,False,False,False,confirmed,latin,1,1,4.113515309210374,4.113515309210374,0.5773502691896257,2
unique,69,Sender_9,False,False,False,False,hall,latin,1,1,4.113515309210374,4.113515309210374,0.5773502691896257,3
unique,73,Sender_9,False,False,False,False,kal,latin,1,1,4.113515309210374,4.113515309210374,0.53422019577452,1
unique,73,Sender_9,False,False,False,False,kya,latin,1,1,4.113515309210374,4.113515309210374,0.53422019577452,2
unique,73,Sender_9,False,False,False,False,hai,latin,1,2,3.70805020110221,3.70805020110221,0.48156264301221846,3
unique,73,Sender_9,False,False,False,False,practice,latin,1,3,3.4203681286504293,3.4203681286504293,0.4442015147524305,4
unique,75,Sender_11,False,False,False,False,due,latin,1,1,4.113515309210374,4.113515309210374,0.5121422915377566,1
unique,75,Sender_11,False,False,False,False,fees,latin,1,1,4.113515309210374,4.113515309210374,0.5121422915377566,2
unique,75,Sender_11,False,False,False,False,friday,latin,1,1,4.113515309210374,4.113515309210374,0.5121422915377566,3
unique,75,Sender_11,False,False,False,False,reminder,latin,1,2,3.70805020110221,3.70805020110221,0.46166093581260165,4
unique,77,Sender_8,False,False,False,False,confirm,latin,1,1,4.113515309210374,4.113515309210374,0.5267452693499644,1
unique,77,Sender_8,False,False,False,False,number,latin,1,1,4.113515309210374,4.113515309210374,0.5267452693499644,2
unique,77,Sender_8,False,False,False,False,players,latin,1,1,4.113515309210374,4.113515309210374,0.5267452693499644,3
unique,77,Sender_8,False,False,False,False,please,latin,1,4,3.1972245773362196,3.1972245773362196,0.40941209514656585,4
unique,80,Sender_1,False,False,False,False,match,latin,1,1,4.113515309210374,4.113515309210374,0.7071067811865476,1
unique,80,Sender_1,False,False,False,False,saturday,latin,1,1,4.113515309210374,4.113515309210374,0.7071067811865476,2
unique,83,Sender_3,False,False,False,False,दोस्तों,devanagari,1,1,4.113515309210374,4.113515309210374,0.7071067811865476,1
unique,83,Sender_3,False,False,False,False,शुक्रिया,devanagari,1,1,4.113515309210374,4.113515309210374,0.7071067811865476,2
unique,85,Sender_9,False,False,False,False,🙏,other,1,1,4.113515309210374,4.113515309210374,1.0,1
unique,92,Sender_10,False,False,False,True,later,latin,1,1,4.113515309210374,4.113515309210374,0.742765403390923,1
unique,92,Sender_10,False,False,False,True,call,latin,1,2,3.70805020110221,3.70805020110221,0.6695517571670765,2
unique,98,Sender_8,False,False,False,False,नहीं,devanagari,1,1,4.113515309210374,4.113515309210374,0.5121422915377565,1
unique,98,Sender_8,False,False,False,False,प्रैक्टिस,devanagari,1,1,4.113515309210374,4.113515309210374,0.5121422915377565,2
unique,98,Sender_8,False,False,False,False,होगी,devanagari,1,1,4.113515309210374,4.113515309210374,0.5121422915377565,3
unique,98,Sender_8,False,False,False,False,आज,devanagari,1,2,3.70805020110221,3.70805020110221,0.4616609358126016,4
unique,101,Sender_12,True,False,False,False,cards,latin,1,1,4.113515309210374,4.113515309210374,0.5121422915377565,1
unique,101,Sender_12,True,False,False,False,carry,latin,1,1,4.113515309210374,4.113515309210374,0.5121422915377565,2
unique,101,Sender_12,True,False,False,False,id,latin,1,1,4.113515309210374,4.113515309210374,0.5121422915377565,3
unique,101,Sender_12,True,False,False,False,reminder,latin,1,2,3.70805020110221,3.70805020110221,0.4616609358126016,4
unique,109,Sender_5,False,False,False,False,सराव,devanagari,1,1,4.113515309210374,4.113515309210374,0.6171950982160569,1
unique,109,Sender_5,False,False,False,False,आज,devanagari,1,2,3.70805020110221,3.70805020110221,0.5563587919400896,2
unique,109,Sender_5,False,False,False,False,आहे,devanagari,1,2,3.70805020110221,3.70805020110221,0.5563587919400896,3
unique,122,Sender_2,False,False,False,False,next,latin,1,1,4.113515309210374,4.113515309210374,0.4758295092909451,1
unique,122,Sender_2,False,False,False,False,share,latin,1,1,4.113515309210374,4.113515309210374,0.4758295092909451,2
unique,122,Sender_2,False,False,False,False,week,latin,1,1,4.113515309210374,4.113515309210374,0.4758295092909451,3
unique,122,Sender_2,False,False,False,False,schedule,latin,1,2,3.70805020110221,3.70805020110221,0.42892746835439566,4
unique,122,Sender_2,False,False,False,False,please,latin,1,4,3.1972245773362196,3.1972245773362196,0.3698378849643509,5
unique,123,Sender_9,False,False,False,False,birthday,latin,1,1,4.113515309210374,4.113515309210374,0.5121422915377565,1
unique,123,Sender_9,False,False,False,False,day,latin,1,1,4.113515309210374,4.113515309210374,0.5121422915377565,2
unique,123,Sender_9,False,False,False,False,happy,latin,1,1,4.113515309210374,4.113515309210374,0.5121422915377565,3
unique,123,Sender_9,False,False,False,False,great,latin,1,2,3.70805020110221,3.70805020110221,0.4616609358126016,4
unique,135,Sender_10,False,False,False,False,line,latin,4,1,4.113515309210374,16.454061236841497,0.8728715609439694,1
unique,135,Sender_10,False,False,False,False,blank,latin,1,1,4.113515309210374,4.113515309210374,0.21821789023599236,2
unique,135,Sender_10,False,False,False,False,first,latin,1,1,4.113515309210374,4.113515309210374,0.21821789023599236,3
unique,135,Sender_10,False,False,False,False,last,latin,1,1,4.113515309210374,4.113515309210374,0.21821789023599236,4
unique,135,Sender_10,False,False,False,False,note,latin,1,1,4.113515309210374,4.113515309210374,0.21821789023599236,5
unique,135,Sender_10,False,False,False,False,second,latin,1,1,4.113515309210374,4.113515309210374,0.21821789023599236,6
